Name,Hits,Pop Hits,List Total,Pop Total,Genes,Pvalue,adjusted Pvalue(BH)
hsa04012_ErbB_signaling_pathway,32,85,1516,8019,ERBB4;TGFA;PIK3R3;PAK3;SHC1;ABL2;GSK3B;NRG1;NCK1;PTK2;CAMK2G;AKT3;CAMK2B;CAMK2D;AKT2;RPS6KB1;MAPK10;CBLB;EGFR;PIK3CD;CAMK2A;KRAS;GAB1;PLCG1;MAPK1;BAD;PIK3R2;CBL;CRK;CRKL;SHC2;STAT5B,0.0012,0.1112
hsa04360_Axon_guidance,57,181,1516,8019,PTCH1;PPP3CA;ABLIM1;ENAH;LIMK2;CDC42;EPHA6;PLXNA4;PIK3R3;PAK3;PLXNB1;ABLIM2;TRPC4;SEMA4D;FES;SEMA7A;GSK3B;RGMA;SRGAP2;NEO1;SEMA3E;NCK1;PTK2;BMPR1B;LIMK1;CAMK2G;CAMK2B;CAMK2D;UNC5B;GNAI1;LRRC4C;SEMA4F;EPHA5;ABLIM3;ROCK2;SRGAP1;PIK3CD;CAMK2A;KRAS;BMP7;EFNA5;PLCG1;MAPK1;SEMA5A;EFNB1;EPHB1;NFATC3;NTN1;PIK3R2;GNAI3;TRPC5;RND1;PLXNA3;WNT4;PARD6G;PARD6B;GDF7,0.001,0.1112
hsa04910_Insulin_signaling_pathway,46,139,1516,8019,GCK;INSR;PHKG2;PKLR;SREBF1;RPS6;EXOC7;SORBS1;PIK3R3;PHKA1;SHC1;GSK3B;PYGL;PPP1R3B;PRKAG1;AKT3;PRKACB;AKT2;PDPK1;SOCS2;RPS6KB1;PRKAR1A;PPP1R3E;EIF4E2;PTPN1;MAPK10;CBLB;PRKAR2A;CALM3;PPARGC1A;PIK3CD;PRKAA1;CALM1;KRAS;FOXO1;MAPK1;BAD;PIK3R2;CBL;CRK;CRKL;PPP1R3C;PRKAB2;IRS1;PRKAA2;SHC2,0.0012,0.1112
hsa01521_EGFR_tyrosine_kinase_inhibitor_resistance,29,79,1516,8019,NF1;IGF1;BCL2;GAS6;IGF1R;RPS6;TGFA;PIK3R3;SHC1;GSK3B;NRG1;BCL2L1;BCL2L11;AKT3;AKT2;RPS6KB1;EIF4E2;EGFR;PDGFRA;PIK3CD;KRAS;FOXO3;GAB1;PDGFB;PLCG1;MAPK1;BAD;PIK3R2;SHC2,0.0027,0.1135
hsa04211_Longevity_regulating_pathway,31,89,1516,8019,INSR;IGF1;SOD2;IGF1R;PIK3R3;SIRT1;ADIPOQ;PRKAG1;AKT3;PRKACB;AKT2;CREB3L2;CAMKK2;SESN3;RPS6KB1;EIF4E2;CREB1;CAMK4;PPARGC1A;PIK3CD;PRKAA1;KRAS;ADIPOR2;FOXO3;FOXO1;PIK3R2;PRKAB2;IRS1;PRKAA2;ADCY6;ADCY2,0.0038,0.1135
hsa04213_Longevity_regulating_pathway,24,62,1516,8019,INSR;IGF1;SOD2;IGF1R;PIK3R3;SIRT1;PRKAG1;AKT3;PRKACB;AKT2;CLPB;RPS6KB1;PIK3CD;PRKAA1;KRAS;FOXO3;FOXO1;EIF4EBP2;PIK3R2;PRKAB2;IRS1;PRKAA2;ADCY6;ADCY2,0.0035,0.1135
hsa04350_TGF-beta_signaling_pathway,32,94,1516,8019,SMAD2;CREBBP;TGFBR1;AMHR2;RGMA;NEO1;SMAD7;GREM1;BMPR1B;NBL1;MICOS10-NBL1;SP1;RPS6KB1;ACVR2A;TGIF1;THSD4;RBL1;NODAL;BMP7;BMP8B;DCN;INHBA;MAPK1;ACVR1B;BMPR1A;ZFYVE9;SMAD4;INHBC;SKP1;RBX1;GREM2;GDF7,0.0044,0.1135
hsa04371_Apelin_signaling_pathway,44,137,1516,8019,MYL3;NOS1;PLAT;SMAD2;RPS6;HDAC5;RYR2;MRAS;ITPR1;SLC8A1;SLC8A3;TGFBR1;PRKAG1;AKT3;PRKACB;AKT2;GNG2;GNAI1;MEF2D;RPS6KB1;GNA13;GNB3;CAMK4;CALM3;PPARGC1A;PRKAA1;CALM1;KRAS;HDAC4;ITPR3;MAPK1;APLNR;SMAD4;PRKAB2;PRKCE;PRKAA2;GNAI3;SLC8A2;PLCB1;ADCY6;APLN;ADCY2;GNB4;CCND1,0.0025,0.1135
hsa04722_Neurotrophin_signaling_pathway,38,119,1516,8019,PSEN1;BCL2;FASLG;RPS6KA2;NTRK2;NTRK3;CDC42;PIK3R3;SHC1;GSK3B;CAMK2G;SORT1;AKT3;MAP2K5;CAMK2B;CAMK2D;AKT2;PDPK1;SH2B3;MAPK10;CAMK4;CALM3;KIDINS220;PIK3CD;CALM1;CAMK2A;KRAS;FOXO3;GAB1;PLCG1;MAPK1;BAD;TRAF6;PIK3R2;CRK;CRKL;IRS1;SHC2,0.0049,0.1135
hsa05200_Pathways_in_cancer,132,531,1516,8019,FAS;COL4A3;MITF;MSH2;PTCH1;IL2RA;IL4R;IL5RA;IGF2;IGF1;BCL2;FASLG;FGF1;GSTM3;GSTM4;IFNAR2;IGF1R;KITLG;NQO1;RARB;RUNX1;SMAD2;CDC42;ESR2;HEY1;TPM3;CREBBP;CTBP2;TGFA;PIK3R3;PTGER3;CTNNA3;TGFBR1;LPAR5;ETS1;EML4;GSK3B;TCF7L2;CTNNA2;NCOA3;STAT6;SUFU;IL6ST;BCL2L1;RUNX1T1;PTK2;BCL2L11;MGST2;CAMK2G;FGF8;AKT3;CAMK2B;CAMK2D;CASP9;PRKACB;AKT2;SKP2;GNG2;STAT4;SP1;NKX3-1;GNAI1;IL12RB2;MGST1;RXRB;MAX;HSP90AB1;RPS6KB1;GNA13;TXNRD2;COL4A6;DAPK1;GNB3;FGF17;EGLN3;MAPK10;ROCK2;CALM3;POLK;EGFR;PDGFRA;PIK3CD;APC2;LPAR1;STK4;FLT4;CALM1;DAPK2;CAMK2A;RALB;KRAS;EPAS1;FOXO1;JAG2;LRP6;PDGFB;PLCG1;PML;MAPK1;WNT2;FZD5;FZD1;BAD;BCR;DVL3;TRAF6;PIK3R2;CBL;CRK;CRKL;SMAD4;GNAI3;SKP1;ELOB;FZD4;STAT5B;RBX1;ARNT2;PLCB1;ADCY6;GADD45B;DLL4;ADCY2;GNB4;BIRC7;WNT3;WNT4;CCND1;CCNE2;WNT7B;IL23R;RASSF5,0.0047,0.1135
hsa05205_Proteoglycans_in_cancer,60,204,1516,8019,ANK1;FAS;PTCH1;TIMP3;CD44;IGF2;IGF1;FASLG;IGF1R;SMAD2;SDC1;RPS6;CDC42;ERBB4;PXN;MRAS;ITPR1;DROSHA;PIK3R3;VAV2;ANK3;PLCE1;PPP1R12B;CAV1;PTK2;CAMK2G;AKT3;CAV2;CAMK2B;CAMK2D;PRKACB;AKT2;CD63;RDX;PDPK1;TWIST2;RPS6KB1;NANOG;ROCK2;EGFR;PIK3CD;CAMK2A;KRAS;DCN;GAB1;ITPR3;LUM;PLCG1;MAPK1;TLR4;WNT2;FZD5;FZD1;PIK3R2;CBL;FZD4;WNT3;WNT4;CCND1;WNT7B,0.0027,0.1135
hsa05215_Prostate_cancer,33,97,1516,8019,SRD5A2;IGF1;BCL2;IGF1R;PLAT;SPINT1;CREBBP;TGFA;PIK3R3;TMPRSS2;ERG;GSK3B;TCF7L2;AKT3;CASP9;AKT2;CREB3L2;NKX3-1;PDPK1;HSP90AB1;CREB1;EGFR;PDGFRA;PIK3CD;KRAS;FOXO1;PDGFB;MAPK1;BAD;ETV5;PIK3R2;CCND1;CCNE2,0.0039,0.1135
hsa04550_Signaling_pathways_regulating_pluripotency_of_stem_cells,43,142,1516,8019,IGF1;IGF1R;SMAD2;PIK3R3;LIFR;TCF3;GSK3B;RIF1;IL6ST;REST;BMPR1B;COMMD3-BMI1;AKT3;AKT2;PCGF5;LIF;ACVR2A;NANOG;KAT6A;NODAL;ZIC3;PIK3CD;APC2;KRAS;ESRRB;INHBA;MAPK1;WNT2;FZD5;FZD1;ACVR1B;BMPR1A;DVL3;HAND1;PIK3R2;BMI1;SMAD4;INHBC;MYF5;FZD4;WNT3;WNT4;WNT7B,0.0064,0.1291
hsa05223_Non-small_cell_lung_cancer,24,66,1516,8019,RARB;TGFA;PIK3R3;EML4;FHIT;AKT3;CASP9;AKT2;PDPK1;RXRB;POLK;EGFR;PIK3CD;STK4;KRAS;FOXO3;PLCG1;MAPK1;BAD;PIK3R2;STAT5B;GADD45B;CCND1;RASSF5,0.0065,0.1291
hsa05214_Glioma,26,75,1516,8019,IGF1;IGF1R;TGFA;PIK3R3;SHC1;CAMK2G;AKT3;CAMK2B;CAMK2D;AKT2;CAMK4;CALM3;POLK;EGFR;PDGFRA;PIK3CD;CALM1;CAMK2A;KRAS;PDGFB;PLCG1;MAPK1;PIK3R2;SHC2;GADD45B;CCND1,0.0078,0.1446
hsa00510_N-Glycan_biosynthesis,19,50,1516,8019,ALG10B;ALG13;MGAT1;ST6GAL2;MGAT4A;GANAB;MAN1C1;ALG14;MGAT4C;MGAT5;DPM2;B4GALT1;MGAT2;MAN1A1;MAN1A2;MAN1B1;SRD5A3;ALG10;STT3B,0.0101,0.1622
hsa04310_Wnt_signaling_pathway,46,160,1516,8019,PSEN1;PPP3CA;SIAH1;CTNNBIP1;CSNK1A1;RSPO4;CREBBP;CTBP2;PRICKLE1;GSK3B;TCF7L2;VANGL1;DAAM2;CAMK2G;ZNRF3;CAMK2B;CAMK2D;PRKACB;BTRC;DAAM1;NFATC1;PORCN;MAPK10;TBL1XR1;ROCK2;APC2;CSNK2A1;CAMK2A;PRICKLE2;LRP6;WNT2;FZD5;FZD1;DVL3;NFATC3;SMAD4;SKP1;FZD4;RBX1;PLCB1;VANGL2;SENP2;WNT3;WNT4;CCND1;WNT7B,0.0105,0.1622
hsa05225_Hepatocellular_carcinoma,48,168,1516,8019,IGF2;GSTM3;GSTM4;IGF1R;NQO1;SMAD2;CSNK1A1;SMARCD2;TGFA;PIK3R3;SHC1;SMARCC2;TGFBR1;GSK3B;TCF7L2;BCL2L1;MGST2;AKT3;AKT2;MGST1;RPS6KB1;DPF3;TXNRD2;POLK;EGFR;PBRM1;PIK3CD;APC2;KRAS;GAB1;LRP6;PLCG1;MAPK1;SMARCD1;WNT2;FZD5;FZD1;BAD;DVL3;PIK3R2;SMAD4;FZD4;SHC2;GADD45B;WNT3;WNT4;CCND1;WNT7B,0.01,0.1622
hsa04068_FoxO_signaling_pathway,39,131,1516,8019,INSR;IGF1;SOD2;FASLG;IGF1R;CREBBP;PIK3R3;AGAP2;TGFBR1;SIRT1;TNFSF10;BCL2L11;PRKAG1;AKT3;AKT2;SKP2;PLK2;PDPK1;SETD7;MAPK10;RBL2;EGFR;PIK3CD;STK4;PRKAA1;KRAS;FOXO3;CDKN2D;FOXO1;MAPK1;CCNG2;PIK3R2;SMAD4;PRKAB2;IRS1;PRKAA2;FBXO25;GADD45B;CCND1,0.0111,0.1624
hsa04120_Ubiquitin_mediated_proteolysis,40,136,1516,8019,UBE2W;SIAH1;CUL4B;MGRN1;NEDD4L;KLHL13;UBE2G2;UBE2H;SKP2;ANAPC10;BTRC;CUL3;UBOX5;WWP2;HERC4;UBE2F;UBE2E3;TRIP12;UBE2D3;PIAS1;CBLB;PIAS2;UBE2U;PML;UBE2G1;UBE2N;PRKN;TRAF6;CBL;SKP1;ELOB;BRCA1;FBXW8;RBX1;UBE2S;UBE3C;UBE2D4;UBA6;KLHL9;BIRC7,0.012,0.1668
hsa05202_Transcriptional_misregulation_in_cancer,51,186,1516,8019,MITF;MPO;PAX3;IGF1;CSF2;GRIA3;HPGD;IGF1R;PLAT;RUNX1;SS18;H3-5;SPINT1;NSD2;TMPRSS2;TCF3;ERG;PROM1;ETV1;FUS;BCL2L1;KMT2A;RUNX1T1;PTK2;COMMD3-BMI1;PBX1;CD86;CCNT1;CD40;SP1;SUPT3H;CDKN2C;RXRB;MAX;PAX5;CEBPB;MLLT3;REL;HMGA2;POLK;DUSP6;ETV6;FOXO1;PML;ETV5;BMI1;H3-3B;SIX1;ARNT2;GADD45B;SLC45A3,0.0149,0.1972
hsa01522_Endocrine_resistance,29,98,1516,8019,IGF1;BCL2;IGF1R;ESR2;PIK3R3;SHC1;NCOA3;BIK;PTK2;AKT3;PRKACB;AKT2;SP1;CDKN2C;RPS6KB1;MAPK10;EGFR;PIK3CD;KRAS;JAG2;MAPK1;ABCB11;BAD;PIK3R2;SHC2;ADCY6;DLL4;ADCY2;CCND1,0.0268,0.2021
hsa04014_Ras_signaling_pathway,60,232,1516,8019,INSR;NF1;IGF2;IGF1;FASLG;CSF1;FGF1;GRIN2B;IGF1R;KITLG;NTRK2;CDC42;MRAS;TGFA;PIK3R3;PAK3;SHC1;ABL2;ETS1;RASGRF1;PLCE1;BCL2L1;FGF8;AKT3;PLA1A;PRKACB;AKT2;GNG2;RAB5B;RASA4B;REL;GNB3;FGF17;MAPK10;RASA3;CALM3;EGFR;PDGFRA;RASAL3;PIK3CD;STK4;FLT4;CALM1;RALB;KRAS;ARF6;EFNA5;GAB1;PDGFB;PLCG1;MAPK1;BAD;RASAL2;PIK3R2;BRAP;SHC2;PLA2G3;GNB4;RASSF5;PLA2G4F,0.0226,0.2021
hsa04070_Phosphatidylinositol_signaling_system,30,99,1516,8019,OCRL;IP6K2;DGKG;ITPR1;INPP4B;PIK3R3;INPP4A;ITPK1;IMPA1;SYNJ1;PLCE1;DGKH;INPP5F;PPIP5K2;DGKI;CALM3;PIP4K2A;PIK3CD;CALM1;PIK3C2B;ITPR3;PLCG1;PIP4K2B;CDS2;MTMR7;PIK3R2;PLCB1;MTMR3;IPPK;PLCD3,0.0195,0.2021
hsa04390_Hippo_signaling_pathway,43,157,1516,8019,NF2;FGF1;SMAD2;DLG1;FRMD1;CTNNA3;DLG4;YAP1;TGFBR1;DLG2;GSK3B;TCF7L2;WWC1;CTNNA2;DLG3;SMAD7;BMPR1B;MOB1B;TEAD2;BTRC;RASSF6;PPP2R2B;MOB1A;APC2;BMP7;BMP8B;WNT2;FZD5;FZD1;BMPR1A;DVL3;DLG5;SMAD4;YWHAQ;FZD4;LIMD1;WNT3;WNT4;PARD6G;PARD6B;CCND1;WNT7B;GDF7,0.0237,0.2021
hsa04392_Hippo_signaling_pathway,12,29,1516,8019,NF2;FRMD1;YAP1;DCHS2;WWC1;MOB1B;TEAD2;RASSF6;MOB1A;LIMD1;RASSF2;RASSF4,0.0229,0.2021
hsa04725_Cholinergic_synapse,33,112,1516,8019,BCL2;CHRM3;CHRNB2;KCNJ2;ITPR1;PIK3R3;CAMK2G;AKT3;CAMK2B;CAMK2D;PRKACB;AKT2;GNG2;CREB3L2;GNAI1;KCNJ3;GNB3;SLC5A7;CREB1;CAMK4;PIK3CD;CAMK2A;KRAS;ITPR3;KCNJ6;MAPK1;PIK3R2;GNAI3;PLCB1;ADCY6;ADCY2;GNAO1;GNB4,0.0202,0.2021
hsa04916_Melanogenesis,30,101,1516,8019,MITF;KITLG;CREBBP;GSK3B;TCF7L2;CAMK2G;CAMK2B;CAMK2D;PRKACB;CREB3L2;GNAI1;CREB1;CALM3;CALM1;CAMK2A;KRAS;MAPK1;WNT2;FZD5;FZD1;DVL3;GNAI3;FZD4;PLCB1;ADCY6;ADCY2;GNAO1;WNT3;WNT4;WNT7B,0.0238,0.2021
hsa04921_Oxytocin_signaling_pathway,42,153,1516,8019,GUCY1B1;KCNJ2;PPP3CA;CACNA2D2;RYR2;ITPR1;PPP1R12B;CAMK2G;PRKAG1;MAP2K5;CAMK2B;CAMK2D;PRKACB;GNAI1;KCNJ3;CAMKK2;NFATC1;ROCK2;CAMK4;CALM3;EGFR;PRKAA1;CALM1;CAMK2A;KRAS;CACNG2;CD38;ITPR3;KCNJ6;MAPK1;NFATC3;PRKAB2;PRKAA2;GNAI3;EEF2K;PLCB1;ADCY6;ADCY2;GNAO1;CACNG8;CCND1;PLA2G4F,0.0244,0.2021
hsa04922_Glucagon_signaling_pathway,31,106,1516,8019,GCK;PHKG2;PPP3CA;PPARA;CREBBP;ITPR1;PHKA1;SIRT1;PYGL;CAMK2G;PRKAG1;AKT3;CAMK2B;CAMK2D;PRKACB;AKT2;CREB3L2;SIK1B;CREB1;CALM3;PPARGC1A;PRKAA1;CALM1;CAMK2A;FOXO1;ITPR3;PRKAB2;PRKAA2;SIK2;PLCB1;ADCY2,0.0256,0.2021
"hsa04935_Growth_hormone_synthesis,_secretion_and_action",34,119,1516,8019,GHR;IGF1;SSTR2;CREBBP;ITPR1;PIK3R3;SHC1;GSK3B;PTK2;AKT3;PRKACB;AKT2;CREB3L2;GNAI1;SOCS2;MAPK10;CREB1;MAP2K6;PIK3CD;KRAS;ITPR3;PLCG1;MAPK1;PIK3R2;CRK;CRKL;IRS1;GNAI3;SHC2;STAT5B;PLCB1;ADCY6;ADCY2;CSH2,0.026,0.2021
hsa04971_Gastric_acid_secretion,24,76,1516,8019,CA2;KCNJ1;ATP1A2;CHRM3;KCNJ2;SSTR2;ITPR1;CAMK2G;CAMK2B;CAMK2D;PRKACB;GNAI1;KCNJ16;KCNJ15;CALM3;CALM1;CAMK2A;ITPR3;KCNJ10;GNAI3;PLCB1;ADCY6;ADCY2;KCNK10,0.0237,0.2021
hsa05100_Bacterial_invasion_of_epithelial_cells,23,73,1516,8019,DNM1;ELMO1;CDC42;PXN;SEPTIN8;PIK3R3;CTNNA3;SHC1;DNM3;CTNNA2;CAV1;PTK2;CAV2;ARPC5;SEPTIN11;PIK3CD;GAB1;PIK3R2;CBL;CRK;CRKL;SHC2;SEPTIN6,0.0269,0.2021
hsa05211_Renal_cell_carcinoma,23,69,1516,8019,CDC42;CREBBP;TGFA;PIK3R3;PAK3;ETS1;AKT3;AKT2;EGLN3;PIK3CD;FLCN;KRAS;EPAS1;GAB1;PDGFB;MAPK1;BAD;PIK3R2;CRK;CRKL;ELOB;RBX1;ARNT2,0.0167,0.2021
hsa05213_Endometrial_cancer,20,58,1516,8019,PIK3R3;CTNNA3;GSK3B;TCF7L2;CTNNA2;AKT3;CASP9;AKT2;PDPK1;POLK;EGFR;PIK3CD;APC2;KRAS;FOXO3;MAPK1;BAD;PIK3R2;GADD45B;CCND1,0.0187,0.2021
hsa05224_Breast_cancer,41,147,1516,8019,IGF1;FGF1;IGF1R;CSNK1A1;ESR2;HEY1;PIK3R3;SHC1;GSK3B;TCF7L2;NCOA3;FGF8;AKT3;AKT2;SP1;RPS6KB1;FGF17;POLK;EGFR;PIK3CD;APC2;FLT4;KRAS;JAG2;LRP6;MAPK1;WNT2;FZD5;FZD1;TNFSF11;DVL3;PIK3R2;BRCA1;FZD4;SHC2;GADD45B;DLL4;WNT3;WNT4;CCND1;WNT7B,0.0214,0.2021
hsa05226_Gastric_cancer,41,149,1516,8019,BCL2;FGF1;RARB;SMAD2;CSNK1A1;PIK3R3;CTNNA3;SHC1;TGFBR1;GSK3B;TCF7L2;CTNNA2;FGF8;AKT3;AKT2;CDX2;RXRB;RPS6KB1;FGF17;POLK;EGFR;PIK3CD;APC2;KRAS;GAB1;LRP6;MAPK1;WNT2;FZD5;FZD1;DVL3;PIK3R2;SMAD4;FZD4;SHC2;GADD45B;WNT3;WNT4;CCND1;CCNE2;WNT7B,0.0252,0.2021
hsa04152_AMPK_signaling_pathway,34,120,1516,8019,INSR;HNF4A;IGF1;ADRA1A;IGF1R;LEPR;SREBF1;PFKFB2;PIK3R3;SIRT1;ADIPOQ;PPP2R5A;PRKAG1;AKT3;AKT2;CREB3L2;PDPK1;CAMKK2;PPP2R2B;RPS6KB1;CREB1;PPARGC1A;PIK3CD;PRKAA1;ADIPOR2;FOXO3;FOXO1;PIK3R2;SCD;PRKAB2;IRS1;PRKAA2;EEF2K;CCND1,0.0283,0.2032
hsa05210_Colorectal_cancer,26,86,1516,8019,MSH2;BCL2;SMAD2;TGFA;PIK3R3;TGFBR1;GSK3B;TCF7L2;BCL2L11;AKT3;CASP9;AKT2;RPS6KB1;MAPK10;POLK;EGFR;PIK3CD;APC2;RALB;KRAS;MAPK1;BAD;PIK3R2;SMAD4;GADD45B;CCND1,0.0285,0.2032
hsa04514_Cell_adhesion_molecules_(CAMs),40,147,1516,8019,CD40LG;PECAM1;NCAM1;NFASC;SDC1;IGSF11;CD34;NECTIN2;NRXN3;CD99;VCAN;CADM3;GLG1;NLGN4Y;NEO1;CLDN11;CD86;ALCAM;NECTIN3;CD40;CDH4;VTCN1;CNTN1;LRRC4C;JAM2;NLGN4X;ICOSLG;CD226;CDH3;CNTN2;F11R;HLA-G;NLGN1;ITGB8;HLA-E;SDC3;NLGN2;CLDN6;TIGIT;NEGR1,0.0303,0.2095
hsa05032_Morphine_addiction,27,91,1516,8019,GABRA2;GABRB2;OPRM1;PDE4C;PDE4D;PDE10A;PDE1C;PRKACB;GNG2;GNAI1;KCNJ3;GABRG3;GABRP;GNB3;GABRR2;KCNJ6;GABRE;GABBR2;GNAI3;ADCY6;GABRQ;PDE7B;ADCY2;GNAO1;GNB4;SLC32A1;GABRG1,0.0309,0.2095
hsa04710_Circadian_rhythm,12,31,1516,8019,PRKAG1;BTRC;CREB1;PRKAA1;RORB;NPAS2;RORA;BHLHE40;PRKAB2;PRKAA2;SKP1;RBX1,0.0328,0.2171
hsa00513_Various_types_of_N-glycan_biosynthesis,14,39,1516,8019,HEXA;ALG13;MGAT1;MGAT4A;ST3GAL3;MAN1C1;ALG14;MGAT4C;B4GALT1;MGAT2;MAN1A1;MAN1A2;MAN1B1;STT3B,0.0349,0.2205
hsa04520_Adherens_junction,22,71,1516,8019,INSR;IGF1R;SORBS1;CDC42;NECTIN2;CREBBP;CTNND1;CTNNA3;TGFBR1;TCF7L2;CTNNA2;NECTIN3;PTPN1;WASF3;LMO7;FER;ACTN4;EGFR;CSNK2A1;MAPK1;SMAD4;YES1,0.0341,0.2205
hsa04140_Autophagy,37,137,1516,8019,BCL2;IGF1R;WIPI2;MRAS;ITPR1;PIK3R3;LAMP2;ULK2;RUBCN;ATG16L1;BCL2L1;AKT3;PRKACB;AKT2;PDPK1;CAMKK2;RPS6KB1;DAPK1;CTSB;MAPK10;TP53INP2;PIK3CD;PRKAA1;DAPK2;KRAS;MAPK1;BAD;TRAF6;PIK3R2;IRS1;PRKAA2;ATG4B;ATG14;WDR41;MTMR3;RRAGD;SMCR8,0.0388,0.2235
hsa04150_mTOR_signaling_pathway,41,155,1516,8019,INSR;IGF1;IGF1R;RPS6KA2;RPS6;PIK3R3;SEC13;ULK2;TBC1D7;CASTOR2;GSK3B;AKT3;AKT2;SKP2;LAMTOR3;LPIN1;PDPK1;RPS6KB1;EIF4E2;LPIN3;TTI1;PIK3CD;FLCN;PRKAA1;KRAS;LPIN2;LRP6;MAPK1;WNT2;FZD5;FZD1;DVL3;PIK3R2;IRS1;PRKAA2;FZD4;RRAGD;WNT3;WNT4;WNT7B;RNF152,0.0394,0.2235
hsa04713_Circadian_entrainment,28,97,1516,8019,NOS1;GRIA1;GRIA3;GRIN2B;GUCY1B1;RYR2;ITPR1;CAMK2G;CAMK2B;CAMK2D;PRKACB;GNG2;GNAI1;KCNJ3;GNB3;CREB1;CALM3;CALM1;CAMK2A;ITPR3;KCNJ6;MAPK1;GNAI3;PLCB1;ADCY6;ADCY2;GNAO1;GNB4,0.0365,0.2235
hsa05131_Shigellosis,59,236,1516,8019,CD44;BCL2;CSF2;H3-5;UBE2V1;WIPI2;ELMO1;CDC42;PXN;SEPTIN8;ITPR1;PIK3R3;CAPN2;GSK3B;ARHGEF2;PLCE1;ATG16L1;BCL2L1;PTK2;AKT3;AKT2;BTRC;ARPC5;RPS6KB1;CCL5;UBE2D3;SEPTIN11;MAPK10;ROCK2;ACTN4;NAIP;EGFR;PIK3CD;NOD1;FOXO3;FOXO1;ITPR3;PFN2;PLCG1;MAPK1;TLR4;UBE2N;UBE2V2;TRAF6;PIK3R2;CRK;CRKL;H3-3B;PRKCE;SKP1;RBX1;ATG14;SEPTIN6;PLCB1;UBE2D4;GSK3A;RRAGD;PLCD3;TAB3,0.0379,0.2235
hsa05220_Chronic_myeloid_leukemia,23,76,1516,8019,RUNX1;CTBP2;PIK3R3;SHC1;TGFBR1;BCL2L1;AKT3;AKT2;POLK;PIK3CD;KRAS;MAPK1;BAD;BCR;PIK3R2;CBL;CRK;CRKL;SMAD4;SHC2;STAT5B;GADD45B;CCND1,0.0372,0.2235
hsa04015_Rap1_signaling_pathway,53,210,1516,8019,INSR;IGF1;ADORA2A;CSF1;FGF1;GRIN2B;IGF1R;KITLG;ENAH;CDC42;MRAS;CTNND1;PIK3R3;VAV2;LPAR5;CNR1;PLCE1;FGF8;AKT3;AKT2;GNAI1;SIPA1L1;MAGI2;FGF17;CALM3;EVL;MAP2K6;EGFR;PDGFRA;PIK3CD;LPAR1;RAPGEF2;FLT4;CALM1;RALB;KRAS;EFNA5;P2RY1;PDGFB;PFN2;PLCG1;MAPK1;PIK3R2;CRK;CRKL;GNAI3;PLCB1;ADCY6;ADCY2;GNAO1;PARD6G;PARD6B;RASSF5,0.0413,0.224
hsa04915_Estrogen_signaling_pathway,37,138,1516,8019,KRT9;BCL2;OPRM1;ESR2;TGFA;ITPR1;PIK3R3;SHC1;FKBP5;NCOA3;AKT3;PRKACB;AKT2;SP1;CREB3L2;GNAI1;KCNJ3;HSP90AB1;CREB1;CALM3;EGFR;PIK3CD;CALM1;KRAS;ITPR3;KCNJ6;KRT13;KRT35;MAPK1;PIK3R2;GABBR2;GNAI3;SHC2;PLCB1;ADCY6;ADCY2;GNAO1,0.0419,0.224
hsa05033_Nicotine_addiction,14,40,1516,8019,CHRNB2;GABRA2;GABRB2;GRIA1;GRIA3;GRIN2B;SLC17A8;GABRG3;GABRP;GABRR2;GABRE;GABRQ;SLC32A1;GABRG1,0.0404,0.224
hsa00310_Lysine_degradation,19,61,1516,8019,ACAT1;PLOD1;ALDH2;PRDM2;HYKK;NSD2;PRDM6;KMT2A;KMT5B;COLGALT2;SETD7;EZH1;NSD1;ASH1L;KMT2D;AASS;NSD3;KMT2E;COLGALT1,0.0447,0.2249
hsa00561_Glycerolipid_metabolism,19,61,1516,8019,ALDH2;MGLL;PNLIPRP3;PLPP4;AGPAT3;DGKG;GLYCTK;DGKH;GPAM;LPIN1;LPIN3;LIPG;DGKI;GPAT4;AGK;AGPAT1;LPIN2;DGAT1;AGPAT4,0.0447,0.2249
hsa04072_Phospholipase_D_signaling_pathway,39,148,1516,8019,INSR;CXCR1;GRM4;GRM6;KITLG;PTGFR;DNM1;AGPAT3;DGKG;MRAS;PIK3R3;SHC1;SYK;DNM3;LPAR5;DGKH;AKT3;AKT2;GNA13;DGKI;EGFR;PDGFRA;PIK3CD;LPAR1;RALB;KRAS;AGPAT1;ARF6;GAB1;PDGFB;PLCG1;MAPK1;PIK3R2;SHC2;PLCB1;ADCY6;AGPAT4;ADCY2;PLA2G4F,0.0453,0.2249
hsa04931_Insulin_resistance,30,108,1516,8019,INSR;PPARA;SREBF1;RPS6KA2;PIK3R3;GSK3B;PYGL;PTPA;PPP1R3B;PRKAG1;AKT3;AKT2;GFPT1;CREB3L2;PDPK1;RPS6KB1;PPP1R3E;PTPN1;MAPK10;CREB1;PPARGC1A;PIK3CD;PRKAA1;FOXO1;PIK3R2;PPP1R3C;PRKAB2;PRKCE;IRS1;PRKAA2,0.0448,0.2249
hsa04933_AGE-RAGE_signaling_pathway_in_diabetic_complications,28,100,1516,8019,COL3A1;COL4A3;THBD;CYBB;BCL2;SMAD2;CDC42;PIK3R3;TGFBR1;NOX4;PLCE1;AKT3;AKT2;NFATC1;COL4A6;MAPK10;PIK3CD;KRAS;FOXO1;PLCG1;MAPK1;PIK3R2;SMAD4;PRKCE;STAT5B;PLCB1;CCND1;PLCD3,0.0476,0.2322
hsa04728_Dopaminergic_synapse,35,132,1516,8019,DRD3;GRIA1;GRIA3;GRIN2B;PPP3CA;ITPR1;LRTOMT;GSK3B;SCN1A;PPP2R5A;CAMK2G;AKT3;CAMK2B;CAMK2D;PRKACB;AKT2;GNG2;CREB3L2;GNAI1;KCNJ3;PPP2R2B;GNB3;MAPK10;CREB1;CALM3;CALM1;CAMK2A;ITPR3;KCNJ6;KIF5C;GNAI3;PLCB1;GSK3A;GNAO1;GNB4,0.0519,0.2488
hsa04919_Thyroid_hormone_signaling_pathway,32,119,1516,8019,ATP1A2;DIO2;PFKFB2;CREBBP;PIK3R3;GSK3B;PLCE1;NCOA3;THRA;AKT3;CASP9;PRKACB;AKT2;RCAN2;PDPK1;RXRB;GATA4;PIK3CD;KRAS;FOXO1;PLCG1;MAPK1;KAT2B;MED14;BAD;PIK3R2;MED13;PLCB1;MED13L;WNT4;CCND1;PLCD3,0.0534,0.2516
hsa04727_GABAergic_synapse,25,89,1516,8019,GABRA2;GABRB2;GLUL;SLC38A1;SLC6A12;PRKACB;GNG2;GNAI1;GABRG3;GABRP;GNB3;SLC6A11;GABRR2;KCNJ6;GABRE;GABBR2;GNAI3;TRAK2;ADCY6;GABRQ;ADCY2;GNAO1;GNB4;SLC32A1;GABRG1,0.057,0.2598
hsa05212_Pancreatic_cancer,22,76,1516,8019,SMAD2;CDC42;TGFA;PIK3R3;TGFBR1;BCL2L1;AKT3;CASP9;AKT2;RPS6KB1;MAPK10;POLK;EGFR;PIK3CD;RALB;KRAS;MAPK1;BAD;PIK3R2;SMAD4;GADD45B;CCND1,0.0569,0.2598
hsa05017_Spinocerebellar_ataxia,27,98,1516,8019,ATXN1;GRIA1;GRIA3;GRIN2B;WIPI2;XBP1;ITPR1;PIK3R3;BEAN1;ULK2;TBP;AKT3;AKT2;SP1;TBPL1;SLC1A6;PUM2;MAPK10;FGF14;PIK3CD;KCND3;ITPR3;RORA;PIK3R2;SPTBN2;ATG14;PLCB1,0.0582,0.261
hsa04929_GnRH_secretion,19,64,1516,8019,ESR2;ITPR1;PIK3R3;TRPC4;KCNN3;AKT3;AKT2;KCNJ3;PIK3CD;KRAS;ITPR3;KCNJ6;KCNN4;KISS1;MAPK1;PIK3R2;GABBR2;TRPC5;PLCB1,0.0617,0.2723
hsa04730_Long-term_depression,18,60,1516,8019,IGF1;NOS1;GRIA1;GRIA3;GUCY1B1;IGF1R;ITPR1;LYN;GNAI1;GNA13;GRID2;KRAS;ITPR3;MAPK1;GNAI3;PLCB1;GNAO1;PLA2G4F,0.0632,0.2745
hsa04261_Adrenergic_signaling_in_cardiomyocytes,38,149,1516,8019,MYL3;TPM1;BCL2;ADRA1A;ATP1A2;ATP2B2;ATP2B3;ATP2B4;CACNA2D2;RYR2;SCN1B;TPM3;SLC8A1;SLC8A3;TPM4;PPP2R5A;CAMK2G;AKT3;CAMK2B;CAMK2D;PRKACB;AKT2;CREB3L2;GNAI1;PPP2R2B;CREB1;CALM3;CALM1;CAMK2A;CACNG2;MAPK1;SCN7A;GNAI3;SLC8A2;PLCB1;ADCY6;ADCY2;CACNG8,0.0658,0.2814
hsa00534_Glycosaminoglycan_biosynthesis,9,24,1516,8019,EXT1;HS2ST1;NDST1;GLCE;NDST2;HS3ST1;XYLT1;XYLT2;HS6ST3,0.0681,0.2868
hsa04724_Glutamatergic_synapse,30,114,1516,8019,GRIA1;GRIA3;GRIK3;GRIN2B;GRM4;GRM6;PPP3CA;GLUL;SLC38A1;ITPR1;DLG4;SLC17A8;SLC1A2;PRKACB;GNG2;GNAI1;KCNJ3;SLC1A6;GNB3;SHANK2;ITPR3;MAPK1;GNAI3;PLCB1;ADCY6;SHANK1;ADCY2;GNAO1;GNB4;PLA2G4F,0.0717,0.2941
hsa04917_Prolactin_signaling_pathway,20,70,1516,8019,GCK;PRLR;ESR2;PIK3R3;SHC1;GSK3B;AKT3;AKT2;SOCS2;MAPK10;PIK3CD;KRAS;FOXO3;MAPK1;TNFSF11;PIK3R2;SHC2;STAT5B;SOCS7;CCND1,0.073,0.2941
hsa04934_Cushing_syndrome,39,155,1516,8019,ITPR1;USP8;GSK3B;TCF7L2;NCEH1;KMT2A;CAMK2G;PBX1;CAMK2B;CAMK2D;PRKACB;SP1;CREB3L2;GNAI1;CDKN2C;CREB1;EGFR;APC2;CAMK2A;WDR5;ITPR3;KCNK3;MAPK1;WNT2;FZD5;KMT2D;FZD1;DVL3;GNAI3;FZD4;PLCB1;ADCY6;WDR5B;ADCY2;WNT3;WNT4;CCND1;CCNE2;WNT7B,0.0721,0.2941
hsa04144_Endocytosis,59,249,1516,8019,IL2RA;CXCR1;IGF1R;ZFYVE27;SMAD2;DNM1;AGAP1;CDC42;SMAP1;WIPF3;CHMP1A;IQSEC2;AGAP2;TFRC;USP8;EPN1;TGFBR1;DNM3;SPART;NEDD4L;IQSEC3;CAV1;CAV2;RAB11A;RNF41;ARFGAP2;SNX1;RAB5B;SNX12;ARPC5;PSD;VPS45;VTA1;RBSN;CHMP7;CBLB;EGFR;PDGFRA;STAMBP;PSD3;HLA-G;SNX6;AMPH;ARF3;ARF6;PML;KIF5C;TRAF6;ZFYVE9;CBL;HLA-E;STAM2;RAB31;ACAP2;VPS4A;PARD6G;PARD6B;WIPF2;CHMP4B,0.0751,0.2983
hsa04020_Calcium_signaling_pathway,47,193,1516,8019,PHKG2;NOS1;ADORA2A;ADRA1A;CACNA1E;CHRM3;HRH1;HTR4;PPP3CA;PTAFR;PTGFR;ATP2B2;ATP2B3;ATP2B4;RYR2;ERBB4;TACR1;ITPR1;SLC8A1;PHKA1;PTGER3;SLC8A3;TPCN1;ASPH;PLCE1;STIM2;PDE1C;CAMK2G;CAMK2B;CAMK2D;PRKACB;CYSLTR2;CAMK4;CALM3;EGFR;PDGFRA;CALM1;CAMK2A;CD38;ITPR3;P2RX1;PLCG1;SLC8A2;PLCB1;ADCY2;PLCD3;ORAI3,0.0763,0.2988
hsa04926_Relaxin_signaling_pathway,33,129,1516,8019,COL3A1;COL4A3;NOS1;SMAD2;PIK3R3;SHC1;TGFBR1;AKT3;PRKACB;AKT2;GNG2;RXFP1;CREB3L2;GNAI1;COL4A6;GNB3;RLN3;MAPK10;CREB1;EGFR;PIK3CD;KRAS;MMP13;MAPK1;PIK3R2;INSL5;GNAI3;SHC2;PLCB1;ADCY6;ADCY2;GNAO1;GNB4,0.0791,0.2994
hsa04960_Aldosterone-regulated_sodium_reabsorption,12,37,1516,8019,INSR;KCNJ1;IGF1;ATP1A2;PIK3R3;NEDD4L;PDPK1;PIK3CD;KRAS;MAPK1;PIK3R2;IRS1,0.0797,0.2994
hsa05135_Yersinia_infection,31,120,1516,8019,ACTR2;RPS6KA2;CDC42;ARHGEF28;WIPF3;PXN;ARHGEF7;PIK3R3;VAV2;GSK3B;PTK2;LIMK1;AKT3;AKT2;ACTR3;NFATC1;SKAP2;MAPK10;ROCK2;MAP2K6;PIK3CD;ARF6;PLCG1;MAPK1;TLR4;NFATC3;TRAF6;PIK3R2;CRK;CRKL;WIPF2,0.0797,0.2994
hsa05218_Melanoma,20,72,1516,8019,MITF;IGF1;FGF1;IGF1R;PIK3R3;FGF8;AKT3;AKT2;FGF17;POLK;EGFR;PDGFRA;PIK3CD;KRAS;PDGFB;MAPK1;BAD;PIK3R2;GADD45B;CCND1,0.0875,0.3243
hsa01524_Platinum_drug_resistance,20,73,1516,8019,FAS;MSH2;BCL2;FASLG;GSTM3;GSTM4;PIK3R3;BCL2L1;MGST2;AKT3;CASP9;AKT2;MGST1;PDPK1;POLH;PIK3CD;MAPK1;BAD;PIK3R2;BRCA1,0.0955,0.3346
hsa04024_cAMP_signaling_pathway,51,216,1516,8019,FSHR;PTCH1;ADORA2A;ATP1A2;GRIA1;GRIA3;GRIN2B;HTR1B;HTR1D;HTR4;PDE4C;ATP2B2;ATP2B3;ATP2B4;PPARA;RYR2;SSTR2;CREBBP;PDE4D;PIK3R3;PTGER3;PDE10A;VAV2;CNGB1;PLCE1;CAMK2G;AKT3;CAMK2B;CAMK2D;PRKACB;AKT2;CREB3L2;GNAI1;NFATC1;MAPK10;CREB1;ROCK2;CAMK4;CALM3;PIK3CD;CALM1;CAMK2A;GLP1R;MAPK1;BAD;PIK3R2;GABBR2;HCAR3;GNAI3;ADCY6;ADCY2,0.0949,0.3346
hsa04064_NF-kappa_B_signaling_pathway,27,104,1516,8019,BTK;CD40LG;BCL2;EDA;CYLD;LYN;SYK;BCL2L1;EDA2R;CD40;CARD14;TNFAIP3;CCL4L2;ERC1;CSNK2A1;TNFSF14;DDX58;PARP1;PLCG1;TLR4;TNFSF11;TRAF6;TRIM25;GADD45B;EDAR;TNFRSF13C;TAB3,0.0927,0.3346
hsa04066_HIF-1_signaling_pathway,28,109,1516,8019,INSR;CYBB;IGF1;BCL2;IGF1R;RPS6;CREBBP;PIK3R3;TFRC;CAMK2G;AKT3;CAMK2B;CAMK2D;AKT2;RPS6KB1;EIF4E2;EGLN3;EGFR;PIK3CD;CAMK2A;ENO2;PLCG1;MAPK1;TLR4;PIK3R2;ALDOC;ELOB;RBX1,0.0957,0.3346
hsa04750_Inflammatory_mediator_regulation_of_TRP_channels,26,100,1516,8019,IGF1;HRH1;ITPR1;PIK3R3;IL1RAP;CAMK2G;CAMK2B;CAMK2D;PRKACB;TRPV3;MAPK10;CALM3;MAP2K6;PIK3CD;CALM1;CAMK2A;ITPR3;PLCG1;PIK3R2;PRKCE;TRPA1;PLCB1;ADCY6;ASIC4;ADCY2;PLA2G4F,0.0963,0.3346
hsa05170_Human_immunodeficiency_virus_1_infection,50,212,1516,8019,FAS;TAP2;BCL2;FASLG;CD247;PPP3CA;LIMK2;CUL4B;PXN;ITPR1;PIK3R3;PAK3;BCL2L1;PTK2;LIMK1;AKT3;CASP9;AKT2;GNG2;GNAI1;BTRC;RPS6KB1;NFATC1;AP1S1;GNB3;MAPK10;CALM3;MAP2K6;PIK3CD;HLA-G;CALM1;KRAS;ITPR3;PLCG1;MAPK1;TLR4;BAD;NFATC3;TRAF6;PIK3R2;CRK;CRKL;HLA-E;GNAI3;SKP1;ELOB;RBX1;GNAO1;GNB4;TRIM5,0.0983,0.3374
hsa00562_Inositol_phosphate_metabolism,20,74,1516,8019,OCRL;INPP4B;PLCH1;INPP4A;ITPK1;IMPA1;SYNJ1;PLCE1;MINPP1;INPP5F;PIP4K2A;PIK3CD;PIK3C2B;PLCG1;PIP4K2B;MTMR7;PLCB1;MTMR3;IPPK;PLCD3,0.1039,0.3442
hsa00603_Glycosphingolipid_biosynthesis,6,15,1516,8019,FUT1;FUT2;HEXA;B3GALNT1;B3GALT5;ST3GAL1,0.104,0.3442
hsa00604_Glycosphingolipid_biosynthesis,6,15,1516,8019,GLB1;HEXA;SLC33A1;B4GALNT1;ST8SIA5;ST3GAL1,0.104,0.3442
hsa00531_Glycosaminoglycan_degradation,7,19,1516,8019,ARSB;IDS;GLB1;GALNS;HEXA;HYAL2;HYAL1,0.1071,0.3503
hsa04630_JAK-STAT_signaling_pathway,39,162,1516,8019,GHR;IL2RA;IL4R;IL5RA;BCL2;CSF2;IFNAR2;PRLR;LEPR;CREBBP;PIK3R3;LIFR;FHL1;STAT6;IL6ST;BCL2L1;MCL1;AKT3;PTPN2;AKT2;STAT4;LIF;IL12RB2;SOCS2;PIAS1;PIAS2;EGFR;PDGFRA;PIK3CD;PDGFB;PIK3R2;STAM2;STAT5B;SOCS7;CSH2;IL21R;CCND1;IL23R;IFNLR1,0.1085,0.3507
hsa05418_Fluid_shear_stress_and_atherosclerosis,34,139,1516,8019,ASS1;THBD;PECAM1;BCL2;GSTM3;GSTM4;NQO1;PLAT;SUMO2;SDC1;PIK3R3;ARHGEF2;CAV1;PTK2;BMPR1B;MGST2;AKT3;CAV2;MAP2K5;AKT2;MGST1;HSP90AB1;ACVR2A;MAPK10;CALM3;MAP2K6;PIK3CD;PRKAA1;CALM1;PDGFB;BMPR1A;DUSP1;PIK3R2;PRKAA2,0.111,0.3547
hsa00670_One_carbon_pool_by_folate,7,20,1516,8019,MTR;AMT;ALDH1L2;ST20-MTHFS;SHMT1;FTCD;MTHFD2,0.1257,0.3798
hsa04218_Cellular_senescence,38,160,1516,8019,PPP3CA;SMAD2;HIPK3;MRAS;ITPR1;HIPK2;PIK3R3;TGFBR1;RBBP4;SIRT1;ETS1;CAPN2;AKT3;AKT2;BTRC;NFATC1;GATA4;RBL1;RBL2;CALM3;MAP2K6;PIK3CD;HLA-G;CALM1;KRAS;FOXO3;CDC25A;FOXO1;ITPR3;MAPK1;NFATC3;PIK3R2;HLA-E;ZFP36L2;GADD45B;CCND1;CCNE2;RASSF5,0.1255,0.3798
hsa04720_Long-term_potentiation,18,67,1516,8019,GRIA1;GRIN2B;PPP3CA;RPS6KA2;CREBBP;ITPR1;CAMK2G;CAMK2B;CAMK2D;PRKACB;CAMK4;CALM3;CALM1;CAMK2A;KRAS;ITPR3;MAPK1;PLCB1,0.122,0.3798
hsa05221_Acute_myeloid_leukemia,18,67,1516,8019,MPO;CSF2;RUNX1;PIK3R3;TCF7L2;RUNX1T1;AKT3;AKT2;RPS6KB1;PIK3CD;KRAS;DUSP6;PML;MAPK1;BAD;PIK3R2;STAT5B;CCND1,0.122,0.3798
hsa05410_Hypertrophic_cardiomyopathy_(HCM),23,90,1516,8019,EMD;MYL3;SGCD;TPM1;IGF1;ITGA11;CACNA2D2;RYR2;TPM3;SLC8A1;SLC8A3;TPM4;DAG1;PRKAG1;LMNA;ITGA10;PRKAA1;CACNG2;ITGB8;PRKAB2;PRKAA2;SLC8A2;CACNG8,0.1253,0.3798
hsa04911_Insulin_secretion,22,86,1516,8019,GCK;ATP1A2;CHRM3;RYR2;KCNN3;CAMK2G;CAMK2B;CAMK2D;PRKACB;CREB3L2;CREB1;CAMK2A;GLP1R;ITPR3;KCNN4;RAB3A;KCNMB1;KCNMB4;PCLO;PLCB1;ADCY6;ADCY2,0.1305,0.3901
hsa04370_VEGF_signaling_pathway,16,59,1516,8019,PPP3CA;CDC42;PXN;PIK3R3;PTK2;AKT3;CASP9;AKT2;PIK3CD;KRAS;PLCG1;MAPK1;BAD;PIK3R2;SHC2;PLA2G4F,0.1322,0.391
hsa04930_Type_II_diabetes_mellitus,13,46,1516,8019,GCK;INSR;PKLR;CACNA1E;PIK3R3;ADIPOQ;SOCS2;MAPK10;PIK3CD;MAPK1;PIK3R2;PRKCE;IRS1,0.1357,0.3971
"hsa04928_Parathyroid_hormone_synthesis,_secretion_and_action",26,106,1516,8019,CASR;BCL2;PDE4C;ITPR1;PDE4D;PRKACB;SP1;CREB3L2;GNAI1;RXRB;MEF2D;GNA13;CREB1;EGFR;ITPR3;LRP6;MMP13;MAPK1;GCM1;TNFSF11;SLC9A3R1;MMP14;GNAI3;PLCB1;ADCY6;ADCY2,0.1442,0.4176
hsa00910_Nitrogen_metabolism,6,17,1516,8019,CA2;GLUL;CA12;GLUD1;CA8;CA5B,0.1471,0.4216
hsa04010_MAPK_signaling_pathway,65,295,1516,8019,FAS;INSR;NF1;IGF2;IGF1;FASLG;CACNA1E;CSF1;FGF1;IGF1R;KITLG;PPP3CA;CACNA2D2;RPS6KA2;NTRK2;CDC42;ERBB4;MRAS;TGFA;MAPT;TGFBR1;STMN1;RASGRF1;IL1RAP;FGF8;AKT3;MAP2K5;MAP3K13;MAP4K4;PRKACB;AKT2;LAMTOR3;MAX;NFATC1;CDC25B;FGF17;MAP4K2;MAPK10;MAP2K6;EGFR;PDGFRA;RAPGEF2;STK4;FLT4;KRAS;MAPKAPK5;MAP3K2;CACNG2;DUSP4;DUSP6;DUSP7;EFNA5;PDGFB;MAPK1;DUSP1;NFATC3;TRAF6;CRK;CRKL;GADD45B;MAP3K20;TAOK1;PPM1A;CACNG8;PLA2G4F,0.1533,0.4313
hsa04666_Fc_gamma_R-mediated_phagocytosis,23,93,1516,8019,LIMK2;CDC42;LYN;PIK3R3;VAV2;SYK;LIMK1;AKT3;AKT2;ARPC5;RPS6KB1;WASF3;PIK3CD;AMPH;ARF6;PLCG1;MAPK1;PIK3R2;CRK;CRKL;PRKCE;MYO10;PLA2G4F,0.1536,0.4313
hsa04210_Apoptosis,32,136,1516,8019,FAS;BCL2;FASLG;ITPR1;PIK3R3;CAPN2;TUBAL3;TNFSF10;BCL2L1;MCL1;LMNB1;BCL2L11;CASP10;AKT3;CASP9;AKT2;LMNA;PDPK1;CTSB;MAPK10;HTRA2;CTSO;PIK3CD;KRAS;PARP1;ITPR3;MAPK1;TNFRSF10B;BAD;PIK3R2;GADD45B;DAB2IP,0.1588,0.4415
hsa04950_Maturity_onset_diabetes_of_the_young,8,26,1516,8019,GCK;PKLR;HNF4A;HNF1B;NR5A2;HNF4G;NKX2-2;RFX6,0.1624,0.447
hsa04914_Progesterone-mediated_oocyte_maturation,24,99,1516,8019,IGF1;IGF1R;RPS6KA2;CPEB1;PIK3R3;CPEB3;AKT3;PRKACB;AKT2;GNAI1;ANAPC10;HSP90AB1;CDC25B;CPEB4;MAPK10;PIK3CD;KRAS;CDC25A;MAD2L1;MAPK1;PIK3R2;GNAI3;ADCY6;ADCY2,0.1669,0.4549
hsa00511_Other_glycan_degradation,6,18,1516,8019,GLB1;HEXA;NEU4;MAN2C1;NEU3;MANBA,0.1712,0.4566
hsa00533_Glycosaminoglycan_biosynthesis,5,14,1516,8019,ST3GAL3;B4GALT1;ST3GAL1;CHST1;CHST6,0.1733,0.4566
hsa04961_Endocrine_and_other_factor-regulated_calcium_reabsorption,14,53,1516,8019,ATP1A2;ATP2B2;ATP2B3;ATP2B4;KLK2;DNM1;SLC8A1;SLC8A3;DNM3;RAB11A;PRKACB;SLC8A2;PLCB1;ADCY6,0.1707,0.4566
hsa05163_Human_cytomegalovirus_infection,50,225,1516,8019,FAS;TAP2;FASLG;PPP3CA;PXN;ITPR1;PIK3R3;PTGER3;GSK3B;PTK2;AKT3;CASP9;PRKACB;AKT2;GNG2;SP1;CREB3L2;GNAI1;RPS6KB1;NFATC1;CCL5;GNA13;CCL4L2;CCR1;GNB3;CX3CL1;CREB1;ROCK2;CALM3;MAP2K6;EGFR;PDGFRA;PIK3CD;HLA-G;CALM1;KRAS;ITPR3;MAPK1;NFATC3;PIK3R2;CRK;CRKL;HLA-E;GNAI3;PLCB1;ADCY6;ADCY2;GNAO1;GNB4;CCND1,0.1741,0.4566
hsa04115_p53_signaling_pathway,18,72,1516,8019,FAS;IGF1;BCL2;SIAH1;CD82;RRM2B;BCL2L1;MDM4;CASP9;SESN3;SHISA5;EI24;ZMAT3;TNFRSF10B;CCNG2;GADD45B;CCND1;CCNE2,0.1789,0.462
hsa04723_Retrograde_endocannabinoid_signaling,34,148,1516,8019,GABRA2;GABRB2;GRIA1;GRIA3;MGLL;ITPR1;NAPEPLD;SLC17A8;CNR1;RIMS1;NDUFB5;PRKACB;GNG2;GNAI1;KCNJ3;GABRG3;GABRP;GNB3;MAPK10;GABRR2;ITPR3;KCNJ6;NDUFA4;MAPK1;GABRE;GNAI3;PLCB1;ADCY6;GABRQ;ADCY2;GNAO1;GNB4;SLC32A1;GABRG1,0.1795,0.462
hsa00601_Glycosphingolipid_biosynthesis,8,27,1516,8019,FUT1;FUT2;B3GALNT1;ST3GAL3;B3GALT5;B4GALT1;FUT4;FUT7,0.1829,0.4665
hsa04664_Fc_epsilon_RI_signaling_pathway,17,68,1516,8019,BTK;CSF2;LYN;PIK3R3;VAV2;SYK;AKT3;AKT2;PDPK1;MAPK10;MAP2K6;PIK3CD;KRAS;PLCG1;MAPK1;PIK3R2;PLA2G4F,0.1873,0.4734
hsa00515_Mannose_type_O-glycan_biosynthesis,7,23,1516,8019,POMGNT1;ST3GAL3;LARGE1;B3GAT1;B4GALT1;FUT4;CHST10,0.19,0.4759
hsa04062_Chemokine_signaling_pathway,42,189,1516,8019,CXCR1;ELMO1;CDC42;PXN;LYN;PIK3R3;SHC1;VAV2;GSK3B;CX3CR1;PTK2;AKT3;PRKACB;AKT2;GNG2;GNAI1;CCL5;CCL4L2;CCR1;GNB3;CX3CL1;ROCK2;PIK3CD;KRAS;CCL26;FOXO3;CXCL9;MAPK1;BAD;PIK3R2;CRK;CRKL;GNAI3;CXCR6;SHC2;STAT5B;PLCB1;ADCY6;GSK3A;ADCY2;GNB4;CCL14,0.1974,0.4762
hsa04340_Hedgehog_signaling_pathway,13,50,1516,8019,PTCH1;BCL2;CSNK1A1;MGRN1;GSK3B;SUFU;PRKACB;CDON;BTRC;CUL3;CSNK1G1;GAS1;CCND1,0.1942,0.4762
hsa04510_Focal_adhesion,44,199,1516,8019,COL4A3;IGF1;BCL2;IGF1R;PARVB;ITGA11;CDC42;PXN;PIK3R3;PAK3;SHC1;VAV2;PARVG;RASGRF1;CAPN2;GSK3B;PPP1R12B;CAV1;PTK2;AKT3;CAV2;AKT2;PDPK1;COL4A6;ITGA10;MAPK10;ROCK2;ACTN4;EGFR;PDGFRA;PIK3CD;FLT4;COL9A2;ITGB8;PDGFB;MAPK1;BAD;PIK3R2;CRK;CRKL;SHC2;PARVA;TNN;CCND1,0.199,0.4762
hsa04721_Synaptic_vesicle_cycle,19,78,1516,8019,DNM1;SLC6A9;STXBP1;SLC6A2;UNC13A;SLC6A12;ATP6V0A1;DNM3;SLC17A8;RIMS1;STX3;SLC1A2;SLC1A6;SLC6A11;UNC13B;RAB3A;ATP6V0D1;SLC6A7;SLC32A1,0.1956,0.4762
hsa04923_Regulation_of_lipolysis_in_adipocytes,14,55,1516,8019,INSR;MGLL;PIK3R3;PTGER3;AKT3;PRKACB;AKT2;GNAI1;PIK3CD;PIK3R2;IRS1;GNAI3;ADCY6;ADCY2,0.2004,0.4762
hsa05222_Small_cell_lung_cancer,22,92,1516,8019,COL4A3;BCL2;RARB;PIK3R3;FHIT;BCL2L1;PTK2;AKT3;CASP9;AKT2;SKP2;RXRB;MAX;COL4A6;POLK;PIK3CD;TRAF6;PIK3R2;GADD45B;BIRC7;CCND1;CCNE2,0.1935,0.4762
hsa04060_Cytokine-cytokine_receptor_interaction,63,294,1516,8019,FAS;CD40LG;GHR;IL2RA;IL4R;IL5RA;CXCR1;FASLG;CSF1;CSF2;IFNAR2;PRLR;LEPR;EDA;TNFRSF25;LIFR;TGFBR1;AMHR2;IL1RAP;CX3CR1;TNFSF10;IL6ST;EDA2R;BMPR1B;TNFRSF19;TNFSF8;CD40;CD70;LIF;IL12RB2;ACVR2A;CCL5;IL17RA;CCL4L2;CCR1;TNFSF4;CX3CL1;NODAL;CCL26;TNFSF14;BMP7;BMP8B;IL17A;INHBA;CXCL9;TNFSF11;TNFRSF10B;ACVR1B;BMPR1A;GDF10;INHBC;CXCR6;GDF2;TNFRSF12A;ACKR3;CSH2;IL21R;EDAR;CCL14;TNFRSF13C;IL23R;IFNLR1;GDF7,0.207,0.4859
hsa04151_PI3K-Akt_signaling_pathway,75,354,1516,8019,COL4A3;GHR;INSR;IL2RA;IL4R;IGF2;IGF1;BCL2;FASLG;CSF1;FGF1;IFNAR2;IGF1R;KITLG;PRLR;ITGA11;NTRK2;RPS6;ERBB4;TGFA;PIK3R3;SYK;LPAR5;GSK3B;BCL2L1;MCL1;PTK2;PPP2R5A;BCL2L11;FGF8;AKT3;CASP9;AKT2;GNG2;CREB3L2;PDPK1;PPP2R2B;HSP90AB1;RPS6KB1;EIF4E2;COL4A6;PHLPP2;GNB3;MAGI2;ITGA10;FGF17;CREB1;RBL2;EGFR;PDGFRA;PIK3CD;LPAR1;FLT4;PRKAA1;KRAS;FOXO3;COL9A2;EFNA5;ITGB8;PDGFB;MAPK1;TLR4;BAD;PIK3R2;IRS1;PRKAA2;YWHAQ;CDC37;BRCA1;CSH2;GNB4;TNN;THEM4;CCND1;CCNE2,0.208,0.4859
hsa04022_cGMP-PKG_signaling_pathway,37,167,1516,8019,INSR;ADRA1A;ATP1A2;GUCY1B1;PPP3CA;ATP2B2;ATP2B3;ATP2B4;ITPR1;SLC8A1;SLC8A3;CNGB1;AKT3;AKT2;CREB3L2;GNAI1;MEF2D;NFATC1;GNA13;GATA4;CREB1;ROCK2;CALM3;CALM1;ITPR3;MAPK1;KCNMB1;BAD;NFATC3;PRKCE;IRS1;GNAI3;KCNMB4;SLC8A2;PLCB1;ADCY6;ADCY2,0.2189,0.5071
hsa04660_T_cell_receptor_signaling_pathway,24,104,1516,8019,CD40LG;CD247;CSF2;PPP3CA;CDC42;DLG1;PIK3R3;PAK3;VAV2;GSK3B;NCK1;AKT3;AKT2;PDPK1;NFATC1;GRAP2;MAPK10;CBLB;PIK3CD;KRAS;PLCG1;MAPK1;NFATC3;PIK3R2,0.222,0.51
hsa05414_Dilated_cardiomyopathy_(DCM),22,96,1516,8019,EMD;MYL3;SGCD;TPM1;IGF1;ITGA11;CACNA2D2;RYR2;TPM3;SLC8A1;SLC8A3;TPM4;DAG1;PRKACB;LMNA;ITGA10;CACNG2;ITGB8;SLC8A2;ADCY6;ADCY2;CACNG8,0.2426,0.5528
hsa05412_Arrhythmogenic_right_ventricular_cardiomyopathy_(ARVC),18,77,1516,8019,EMD;SGCD;ITGA11;CACNA2D2;RYR2;SLC8A1;CTNNA3;SLC8A3;TCF7L2;CTNNA2;DAG1;LMNA;ITGA10;CACNG2;ITGB8;DSC2;SLC8A2;CACNG8,0.2469,0.558
hsa04662_B_cell_receptor_signaling_pathway,19,82,1516,8019,BTK;CD79B;PPP3CA;LILRB3;LYN;PIK3R3;VAV2;SYK;GSK3B;AKT3;AKT2;LILRB4;NFATC1;PIK3CD;KRAS;CD79A;MAPK1;NFATC3;PIK3R2,0.2495,0.5594
hsa05217_Basal_cell_carcinoma,15,63,1516,8019,PTCH1;GSK3B;TCF7L2;SUFU;POLK;APC2;WNT2;FZD5;FZD1;DVL3;FZD4;GADD45B;WNT3;WNT4;WNT7B,0.2528,0.5622
hsa04659_Th17_cell_differentiation,24,107,1516,8019,IL2RA;IL4R;CD247;PPP3CA;RUNX1;SMAD2;TGFBR1;IL1RAP;STAT6;IL6ST;RXRB;HSP90AB1;NFATC1;MAPK10;IL17A;PLCG1;MAPK1;RORA;NFATC3;SMAD4;STAT5B;TBX21;IL21R;IL23R,0.2586,0.5687
hsa04670_Leukocyte_transendothelial_migration,25,112,1516,8019,CYBB;PECAM1;CDC42;PXN;CTNND1;PIK3R3;CD99;CTNNA3;VAV2;CTNNA2;CLDN11;PTK2;GNAI1;JAM2;RHOH;THY1;ROCK2;ACTN4;F11R;PIK3CD;PLCG1;PIK3R2;GNAI3;CLDN6;RASSF5,0.2598,0.5687
hsa02010_ABC_transporters,11,45,1516,8019,TAP2;ABCC5;ABCD3;ABCG4;ABCB9;ABCB8;ABCG8;ABCC11;ABCB11;ABCG1;ABCC1,0.2718,0.5688
hsa04540_Gap_junction,20,88,1516,8019,GUCY1B1;ITPR1;TUBAL3;MAP2K5;PRKACB;GNAI1;EGFR;PDGFRA;LPAR1;KRAS;MAP3K2;ITPR3;PDGFB;MAPK1;GNAI3;PLCB1;ADCY6;ADCY2;TUBB1;TUBB2B,0.2657,0.5688
hsa04912_GnRH_signaling_pathway,21,93,1516,8019,CDC42;ITPR1;CAMK2G;CAMK2B;CAMK2D;PRKACB;MAPK10;CALM3;MAP2K6;EGFR;CALM1;CAMK2A;KRAS;MAP3K2;ITPR3;MAPK1;MMP14;PLCB1;ADCY6;ADCY2;PLA2G4F,0.2674,0.5688
hsa04924_Renin_secretion,16,69,1516,8019,GUCY1B1;KCNJ2;PPP3CA;ITPR1;PDE1C;PRKACB;GNAI1;CTSB;CREB1;AQP1;CALM3;CALM1;ITPR3;GNAI3;PLCB1;ADCY6,0.2721,0.5688
hsa04925_Aldosterone_synthesis_and_secretion,22,98,1516,8019,ATP1A2;ATP2B2;ATP2B3;ATP2B4;ITPR1;CAMK2G;CAMK2B;CAMK2D;PRKACB;CREB3L2;KCNK9;CREB1;CAMK4;CALM3;CALM1;CAMK2A;ITPR3;KCNK3;PRKCE;PLCB1;ADCY6;ADCY2,0.2689,0.5688
hsa05231_Choline_metabolism_in_cancer,22,98,1516,8019,DGKG;PIK3R3;DGKH;AKT3;AKT2;SP1;PDPK1;RPS6KB1;SLC44A1;WASF3;SLC5A7;MAPK10;DGKI;EGFR;PDGFRA;PIK3CD;KRAS;PDGFB;PLCG1;MAPK1;PIK3R2;PLA2G4F,0.2689,0.5688
hsa04114_Oocyte_meiosis,28,128,1516,8019,IGF1;IGF1R;PPP3CA;RPS6KA2;SGO1;CPEB1;ITPR1;CPEB3;PPP2R5A;CAMK2G;CAMK2B;CAMK2D;PRKACB;ANAPC10;BTRC;CPEB4;CALM3;CALM1;CAMK2A;ITPR3;MAD2L1;MAPK1;YWHAQ;SKP1;RBX1;ADCY6;ADCY2;CCNE2,0.2745,0.5695
hsa03018_RNA_degradation,18,79,1516,8019,EXOSC9;TENT4B;DHX36;LSM5;PARN;NUDT16;DCP2;DDX6;CNOT6L;BTG1;ENO2;BTG2;LSM8;TOB2;EXOSC6;PABPC5;PATL1;PAN3,0.2766,0.5696
hsa00900_Terpenoid_backbone_biosynthesis,6,22,1516,8019,ACAT1;HMGCS1;DHDDS;FNTA;PCYOX1;NUS1,0.2806,0.5736
hsa04611_Platelet_activation,27,124,1516,8019,BTK;COL3A1;FGA;GUCY1B1;GP6;ITPR1;LYN;PIK3R3;SYK;FGB;AKT3;PRKACB;AKT2;GNAI1;GNA13;ROCK2;PIK3CD;ITPR3;P2RX1;P2RY1;MAPK1;PIK3R2;GNAI3;PLCB1;ADCY6;ADCY2;PLA2G4F,0.286,0.5804
hsa05167_Kaposi_sarcoma-associated_herpesvirus_infection,39,186,1516,8019,FAS;CSF2;IFNAR2;PPP3CA;CD200R1L;CREBBP;ITPR1;LYN;PIK3R3;SYK;GSK3B;IL6ST;AKT3;CD86;CASP9;AKT2;GNG2;NFATC1;CCR1;GNB3;MAPK10;CREB1;CALM3;MAP2K6;PIK3CD;HLA-G;CALM1;KRAS;ITPR3;PDGFB;PLCG1;MAPK1;ZFP36;NFATC3;PIK3R2;HLA-E;ATG14;GNB4;CCND1,0.3072,0.6189
hsa04330_Notch_signaling_pathway,12,53,1516,8019,PSEN1;ATXN1;HEY1;APH1A;CREBBP;CTBP2;APH1B;JAG2;KAT2B;DVL3;MAML1;DLL4,0.3356,0.6712
hsa03013_RNA_transport,37,179,1516,8019,SUMO2;NUP58;CYFIP1;CYFIP2;NCBP2;RPP14;POM121C;SEC13;POP1;NUP62;EIF4G3;NUP93;POM121;EIF4E2;KPNB1;RANGAP1;EIF3J;CLNS1A;RAN;NUP160;NCBP1;EIF1AX;EIF5;PNN;EIF4EBP2;DDX39B;FXR2;NUP50;XPOT;CASC3;EIF2B2;SENP2;GEMIN6;NUP210;PHAX;PABPC5;RPP25L,0.3403,0.6745
hsa04530_Tight_junction,35,169,1516,8019,NF2;RUNX1;ACTR2;CDC42;DLG1;SYNPO;ARHGEF18;DLG2;NEDD4L;ARHGEF2;DLG3;TJP2;TUBAL3;CLDN11;PRKAG1;PRKACB;RDX;JAM2;PPP2R2B;ACTR3;GATA4;MAPK10;ROCK2;ACTN4;F11R;RAPGEF2;PRKAA1;SLC9A3R1;PRKAB2;PRKCE;PRKAA2;CLDN6;PARD6G;PARD6B;CCND1,0.3421,0.6745
hsa04920_Adipocytokine_signaling_pathway,15,69,1516,8019,PPARA;LEPR;ADIPOQ;PRKAG1;AKT3;AKT2;RXRB;CAMKK2;MAPK10;PPARGC1A;PRKAA1;ADIPOR2;PRKAB2;IRS1;PRKAA2,0.3565,0.6835
hsa04962_Vasopressin-regulated_water_reabsorption,10,44,1516,8019,DCTN5;RAB11A;PRKACB;RAB5B;CREB3L2;DCTN2;DYNC1LI2;CREB1;ADCY6;DYNLL2,0.3538,0.6835
hsa05031_Amphetamine_addiction,15,69,1516,8019,GRIA1;GRIA3;GRIN2B;PPP3CA;SIRT1;CAMK2G;CAMK2B;CAMK2D;PRKACB;CREB3L2;CREB1;CAMK4;CALM3;CALM1;CAMK2A,0.3565,0.6835
hsa05235_PD-L1_expression_and_PD-1_checkpoint_pathway_in_cancer,19,89,1516,8019,CD247;PPP3CA;PIK3R3;EML4;AKT3;AKT2;RPS6KB1;NFATC1;MAP2K6;EGFR;PIK3CD;CSNK2A1;KRAS;PLCG1;MAPK1;TLR4;NFATC3;TRAF6;PIK3R2,0.3551,0.6835
hsa00532_Glycosaminoglycan_biosynthesis,5,20,1516,8019,CHST11;CHST12;CHST3;XYLT1;XYLT2,0.3658,0.6965
hsa04137_Mitophagy,14,65,1516,8019,MITF;MRAS;USP8;CITED2;BCL2L1;SP1;USP15;USP30;MAPK10;CSNK2A1;KRAS;FOXO3;PRKN;MFN1,0.3752,0.7012
hsa04970_Salivary_secretion,19,90,1516,8019,NOS1;ADRA1A;ATP1A2;CHRM3;GUCY1B1;ATP2B2;ATP2B3;ATP2B4;SLC12A2;ITPR1;PRKACB;CALM3;CALM1;CD38;ITPR3;KCNN4;PLCB1;ADCY6;ADCY2,0.3709,0.7012
hsa05416_Viral_myocarditis,13,60,1516,8019,CD40LG;SGCD;ABL2;DAG1;CAV1;EIF4G3;CD86;CXADR;CASP9;CD40;HLA-G;HLA-E;CCND1,0.3758,0.7012
"hsa00250_Alanine,_aspartate_and_glutamate_metabolism",8,36,1516,8019,ASS1;GLUL;ALDH4A1;GFPT1;AGXT2;GLUD1;RIMKLA;NAT8L,0.4009,0.7073
hsa00512_Mucin_type_O-glycan_biosynthesis,7,31,1516,8019,GALNT16;GALNT5;GALNT1;ST3GAL1;GCNT3;B4GALT5;C1GALT1,0.4012,0.7073
hsa00514_Other_types_of_O-glycan_biosynthesis,10,46,1516,8019,ST6GAL2;GALNT16;ST3GAL3;COLGALT2;GALNT5;B4GALT1;GALNT1;C1GALT1;COLGALT1;B3GLCT,0.3992,0.7073
hsa03440_Homologous_recombination,9,41,1516,8019,BARD1;XRCC3;UIMC1;RAD54B;RAD52;TOP3A;RPA1;POLD3;BRCA1,0.4002,0.7073
hsa04080_Neuroactive_ligand-receptor_interaction,67,340,1516,8019,CHRNE;FSHR;GHR;NR3C1;ADORA2A;ADRA1A;CALCB;CHRM3;CHRNB2;DRD3;GABRA2;GABRB2;GRIA1;GRIA3;GRIK3;GRIN2B;GRM4;GRM6;HRH1;HTR1B;HTR1D;HTR4;OPRL1;OPRM1;PRLR;PTAFR;PTGFR;LEPR;CALCA;SSTR2;TACR1;PTGER3;CNR1;THRA;RXFP1;GABRG3;CALCRL;NPY4R;NPY4R2;GRID2;GABRP;CYSLTR2;RLN3;LPAR1;SLURP2;MAS1;GABRR2;GLP1R;KISS1;P2RX1;P2RY1;S1PR2;PRLHR;GABRE;APLNR;CHRNG;NPBWR1;GABBR2;INSL5;TRH;APLN;GRID1;GABRQ;CSH2;GABRG1;P2RY13;P2RY8,0.402,0.7073
hsa05132_Salmonella_infection,43,214,1516,8019,BCL2;RPS3;EXOC7;CYFIP1;CYFIP2;CDC42;PAK3;TCF7L2;TNFSF10;AKT3;M6PR;AKT2;RAB5B;CSE1L;ARPC5;STX10;HSP90AB1;RHOH;DYNC1LI2;WASF3;FGD4;MAPK10;ROCK2;MAP2K6;AHNAK;NAIP;PLEKHM1;NOD1;ARF6;KPNA4;PFN2;MAPK1;TLR4;TNFRSF10B;RHOB;TRAF6;SKP1;FBXO22;VPS41;RHOJ;ACBD3;DYNLL2;TAB3,0.3857,0.7073
hsa05142_Chagas_disease_(American_trypanosomiasis),21,102,1516,8019,FAS;FASLG;CD247;SMAD2;PIK3R3;TGFBR1;AKT3;AKT2;GNAI1;PPP2R2B;CCL5;MAPK10;C1QA;PIK3CD;MAPK1;TLR4;TRAF6;PIK3R2;GNAI3;PLCB1;GNAO1,0.3992,0.7073
hsa05162_Measles,28,138,1516,8019,FAS;IL2RA;BCL2;FASLG;IFNAR2;ADAR;PIK3R3;CD209;GSK3B;BCL2L1;MAVS;AKT3;CASP9;AKT2;TNFAIP3;MAPK10;CBLB;PIK3CD;CSNK2A1;DDX58;TLR4;BAD;TRAF6;PIK3R2;OAS3;STAT5B;CCND1;CCNE2,0.4001,0.7073
hsa05166_Human_T-cell_leukemia_virus_1_infection,44,219,1516,8019,IL2RA;CSF2;PPP3CA;SMAD2;BUB3;CREBBP;DLG1;PIK3R3;TGFBR1;TCF3;ETS1;TBP;BCL2L1;AKT3;PRKACB;AKT2;CD40;TBPL1;CREB3L2;ANAPC10;CDKN2C;NFATC1;RAN;RANBP3;MAPK10;CREB1;PIK3CD;HLA-G;KRAS;MAD2L1;MAPK1;ZFP36;KAT2B;NFATC3;PIK3R2;SMAD4;HLA-E;NFYB;STAT5B;ADCY6;ADCY2;TNFRSF13C;CCND1;CCNE2,0.3841,0.7073
hsa04217_Necroptosis,32,159,1516,8019,FAS;CYBB;BCL2;FASLG;IFNAR2;GLUL;CYLD;CHMP1A;CAPN2;PYGL;STAT6;TNFSF10;CAMK2G;CAMK2B;CAMK2D;STAT4;TNFAIP3;HSP90AB1;CHMP7;MAPK10;GLUD1;CAMK2A;PARP1;TLR4;TNFRSF10B;H2AZ2;STAT5B;VPS4A;SPATA2L;CHMP4B;H2AJ;PLA2G4F,0.405,0.7081
hsa04932_Non-alcoholic_fatty_liver_disease_(NAFLD),30,149,1516,8019,FAS;INSR;PKLR;FASLG;PPARA;LEPR;SREBF1;CDC42;XBP1;PIK3R3;GSK3B;ADIPOQ;NDUFB5;UQCRB;BCL2L11;PRKAG1;AKT3;AKT2;SDHD;MAPK10;PIK3CD;PRKAA1;ADIPOR2;NDUFA4;PIK3R2;PRKAB2;IRS1;PRKAA2;UQCRQ;GSK3A,0.409,0.7106
hsa05014_Amyotrophic_lateral_sclerosis_(ALS),12,57,1516,8019,NOS1;BCL2;GRIA1;GRIN2B;PPP3CA;BCL2L1;SLC1A2;CASP9;TOMM40L;MAP2K6;BAD;NEFL,0.4175,0.7209
hsa00230_Purine_metabolism,26,130,1516,8019,PKLR;DCK;GUCY1B1;PDE4C;PRPS2;ENTPD1;PDE4D;URAD;PDE10A;AK9;CANT1;FHIT;NUDT16;RRM2B;PDE1C;AK2;GDA;NME4;HDDC3;NME6;AK8;NTPCR;GUCY2C;ADCY6;PDE7B;ADCY2,0.4312,0.7221
hsa04215_Apoptosis,7,32,1516,8019,BCL2;BCL2L1;BCL2L11;CASP9;MAPK10;HTRA2;BIRC7,0.429,0.7221
hsa04625_C-type_lectin_receptor_signaling_pathway,21,104,1516,8019,PPP3CA;CYLD;MRAS;ITPR1;PIK3R3;SYK;CD209;AKT3;AKT2;NFATC1;MAPK10;CBLB;CALM3;PIK3CD;CALM1;KRAS;ITPR3;MAPK1;NFATC3;PIK3R2;CLEC7A,0.4297,0.7221
hsa04810_Regulation_of_actin_cytoskeleton,42,213,1516,8019,CHRM3;FGF1;ITGA11;ENAH;LIMK2;CYFIP1;CYFIP2;CDC42;PXN;MRAS;ARHGEF7;PIK3R3;PAK3;VAV2;LPAR5;PPP1R12B;PTK2;LIMK1;FGF8;RDX;ARPC5;GNA13;ITGA10;FGF17;ROCK2;ACTN4;PIP4K2A;EGFR;PDGFRA;PIK3CD;APC2;LPAR1;KRAS;ITGB8;PDGFB;PFN2;MAPK1;PIP4K2B;PIK3R2;CRK;CRKL;DIAPH2,0.4295,0.7221
hsa05216_Thyroid_cancer,8,37,1516,8019,TPM3;TCF7L2;RXRB;POLK;KRAS;MAPK1;GADD45B;CCND1,0.4267,0.7221
hsa05161_Hepatitis_B,32,162,1516,8019,FAS;BCL2;FASLG;CREBBP;PIK3R3;TGFBR1;STAT6;DDX3X;MAVS;CASP10;AKT3;CASP9;AKT2;STAT4;CREB3L2;NFATC1;MAPK10;CREB1;MAP2K6;PIK3CD;KRAS;DDX58;MAPK1;TLR4;BAD;NFATC3;TRAF6;PIK3R2;SMAD4;YWHAQ;STAT5B;CCNE2,0.4417,0.7353
hsa00520_Amino_sugar_and_nucleotide_sugar_metabolism,10,48,1516,8019,GCK;GPI;HEXA;PGM3;GFPT1;CHIT1;GNPDA1;GMPPB;CYB5R4;GNPNAT1,0.4448,0.736
hsa04130_SNARE_interactions_in_vesicular_transport,7,33,1516,8019,STX16;GOSR1;GOSR2;STX3;STX6;VAMP1;STX7,0.4566,0.7511
hsa00340_Histidine_metabolism,5,23,1516,8019,ALDH2;HNMT;ALDH3B2;FTCD;CARNMT1,0.4665,0.7584
hsa04614_Renin-angiotensin_system,5,23,1516,8019,KLK2;PRCP;MAS1;LNPEP;NLN,0.4665,0.7584
hsa04142_Lysosome,25,128,1516,8019,ARSB;CLN3;IDS;PPT1;GLB1;GALNS;HEXA;GGA1;LAMP2;ASAH1;ATP6V0A1;SUMF1;SORT1;M6PR;ABCB9;CD63;AP1S1;CTSB;CTSO;HYAL2;ATP6V0D1;MANBA;GGA2;GNPTAB;HYAL1,0.4757,0.76
hsa04380_Osteoclast_differentiation,25,128,1516,8019,BTK;MITF;CSF1;IFNAR2;PPP3CA;SIRPA;CYLD;LILRB3;PIK3R3;TGFBR1;SYK;AKT3;AKT2;LILRB4;NFATC1;MAPK10;CREB1;CAMK4;MAP2K6;PIK3CD;MAPK1;TNFSF11;TRAF6;PIK3R2;FOSL2,0.4757,0.76
hsa04668_TNF_signaling_pathway,22,112,1516,8019,FAS;CSF1;CSF2;PIK3R3;CASP10;AKT3;AKT2;CREB3L2;LIF;TNFAIP3;CCL5;CEBPB;CX3CL1;MAPK10;CREB1;MAP2K6;PIK3CD;MAPK1;MMP14;PIK3R2;DAB2IP;TAB3,0.4719,0.76
hsa00564_Glycerophospholipid_metabolism,19,98,1516,8019,PLPP4;AGPAT3;ETNK1;DGKG;MBOAT7;DGKH;PLA1A;GPAM;LPIN1;PTDSS1;LPIN3;DGKI;GPAT4;AGPAT1;LPIN2;CDS2;PLA2G3;AGPAT4;PLA2G4F,0.4995,0.7935
hsa00030_Pentose_phosphate_pathway,6,30,1516,8019,GPI;PRPS2;GLYCTK;H6PD;DERA;ALDOC,0.5199,0.8212
hsa00240_Pyrimidine_metabolism,11,57,1516,8019,DPYD;DCK;DCTD;ENTPD1;AK9;CANT1;RRM2B;NME4;UPRT;NME6;DHODH,0.5265,0.8244
hsa00563_Glycosylphosphatidylinositol_(GPI)-anchor_biosynthesis,5,25,1516,8019,PIGY;DPM2;PIGA;PIGL;PIGN,0.5308,0.8244
hsa05203_Viral_carcinogenesis,38,201,1516,8019,HDAC5;CDC42;CREBBP;PXN;DLG1;LYN;PIK3R3;SYK;HDAC8;TBP;IL6ST;DDX3X;HDAC9;PRKACB;SKP2;TBPL1;CREB3L2;REL;CREB1;ACTN4;RBL1;RBL2;PSMC1;PIK3CD;HLA-G;KRAS;HDAC4;MAPK1;KAT2B;BAD;ATP6V0D1;PIK3R2;HLA-E;YWHAQ;STAT5B;SND1;CCND1;CCNE2,0.5279,0.8244
hsa04974_Protein_digestion_and_absorption,18,95,1516,8019,COL3A1;COL4A3;SLC3A1;ELN;ATP1A2;SLC8A1;SLC7A7;SLC8A3;KCNJ13;SLC36A4;COL4A6;SLC36A1;PRCP;COL14A1;COL9A2;KCNN4;SLC8A2;SLC36A2,0.5367,0.8289
hsa05165_Human_papillomavirus_infection,62,330,1516,8019,PSEN1;FAS;COL4A3;FASLG;IFNAR2;ITGA11;CSNK1A1;CDC42;HEY1;CREBBP;PXN;DLG1;PIK3R3;ATP6V0A1;DLG2;GSK3B;TCF7L2;DLG3;TBP;PTK2;PPP2R5A;AKT3;PRKACB;AKT2;TBPL1;CREB3L2;PPP2R2B;RPS6KB1;COL4A6;ITGA10;CREB1;RBL1;RBL2;PSMC1;EGFR;PIK3CD;APC2;HLA-G;KRAS;COL9A2;FOXO1;ITGB8;MAPK1;WNT2;FZD5;FZD1;SLC9A3R1;BAD;DVL3;ATP6V0D1;PIK3R2;HLA-E;FZD4;MAML1;TNN;WNT3;WNT4;PARD6G;PARD6B;CCND1;CCNE2;WNT7B,0.5398,0.8291
hsa04621_NOD-like_receptor_signaling_pathway,34,181,1516,8019,CASR;CYBB;BCL2;IFNAR2;ERBIN;NLRP1;ITPR1;SUGT1;GBP5;TP53BP1;ANTXR2;ATG16L1;BCL2L1;DEFB4B;MAVS;IFI16;TNFAIP3;HSP90AB1;CCL5;TXNIP;CTSB;MAPK10;NAIP;NOD1;GBP1;ITPR3;MAPK1;TLR4;TRAF6;DEFB4A;OAS3;PLCB1;MFN1;TAB3,0.5429,0.8293
hsa00270_Cysteine_and_methionine_metabolism,9,49,1516,8019,MTR;MAT1A;AHCYL2;DNMT3B;ADI1;AGXT2;GCLM;DNMT3A;MAT2B,0.5872,0.8301
hsa01040_Biosynthesis_of_unsaturated_fatty_acids,5,27,1516,8019,SCP2;ELOVL6;ELOVL5;SCD;FADS1,0.5914,0.8301
hsa01230_Biosynthesis_of_amino_acids,14,75,1516,8019,ASS1;MTR;PAH;PKLR;MAT1A;GLUL;PRPS2;SHMT1;PYCR1;IDH2;PYCR3;ENO2;ALDOC;MAT2B,0.5624,0.8301
hsa03015_mRNA_surveillance_pathway,17,91,1516,8019,WDR33;NCBP2;GSPT1;SMG7;PPP2R5A;SMG6;PPP2R2B;RNGTT;CPSF6;RNMT;MSI2;NCBP1;PNN;DDX39B;CASC3;PAPOLG;PABPC5,0.5589,0.8301
hsa04071_Sphingolipid_signaling_pathway,22,119,1516,8019,BCL2;ACER2;PIK3R3;ASAH1;PPP2R5A;AKT3;AKT2;GNAI1;PDPK1;PPP2R2B;GNA13;MAPK10;ROCK2;PIK3CD;KRAS;MAPK1;S1PR2;ABCC1;PIK3R2;PRKCE;GNAI3;PLCB1,0.5741,0.8301
hsa04110_Cell_cycle,23,124,1516,8019,SMAD2;BUB3;STAG2;CREBBP;GSK3B;TFDP2;ORC4;SKP2;ANAPC10;CDKN2C;CDC25B;RBL1;RBL2;CDC25A;CDKN2D;MAD2L1;SMAD4;YWHAQ;SKP1;RBX1;GADD45B;CCND1;CCNE2,0.5685,0.8301
hsa04141_Protein_processing_in_endoplasmic_reticulum,31,166,1516,8019,BCL2;ERP29;DNAJB2;XBP1;HYOU1;SEC13;CAPN2;UBE2G2;HSP90AB1;GANAB;MAN1C1;SSR1;UBE2D3;DNAJB1;DERL2;HSPA4L;MAPK10;SVIP;UBE2G1;PRKN;MAN1A1;SEC23A;MAN1A2;SKP1;SEC61A1;RBX1;EDEM1;MBTPS2;UBE2D4;MAN1B1;STT3B,0.5554,0.8301
hsa04658_Th1_and_Th2_cell_differentiation,17,92,1516,8019,IL2RA;IL4R;CD247;PPP3CA;STAT6;STAT4;IL12RB2;NFATC1;MAPK10;JAG2;PLCG1;MAPK1;NFATC3;STAT5B;TBX21;MAML1;DLL4,0.5751,0.8301
hsa04726_Serotonergic_synapse,21,115,1516,8019,GABRB2;HTR1B;HTR1D;HTR4;ITPR1;PRKACB;GNG2;GNAI1;KCNJ3;GNB3;KRAS;ITPR3;KCNJ6;MAPK1;TPH1;DUSP1;GNAI3;PLCB1;GNAO1;GNB4;PLA2G4F,0.5942,0.8301
hsa04927_Cortisol_synthesis_and_secretion,12,65,1516,8019,ITPR1;NCEH1;PBX1;PRKACB;SP1;CREB3L2;CREB1;ITPR3;KCNK3;PLCB1;ADCY6;ADCY2,0.5784,0.8301
hsa04966_Collecting_duct_acid_secretion,5,27,1516,8019,CA2;SLC4A1;ATP6V0A1;ATP6V0D1;SLC12A7,0.5914,0.8301
hsa05030_Cocaine_addiction,9,49,1516,8019,GRIN2B;DLG4;GPSM1;PRKACB;CREB3L2;GNAI1;CREB1;CDK5R1;GNAI3,0.5872,0.8301
hsa05120_Epithelial_cell_signaling_in_Helicobacter_pylori_infection,13,70,1516,8019,CXCR1;CDC42;ADAM10;LYN;ATP6V0A1;JAM2;CCL5;MAPK10;EGFR;F11R;NOD1;PLCG1;ATP6V0D1,0.57,0.8301
hsa05168_Herpes_simplex_virus_1_infection,92,491,1516,8019,FAS;TAP2;BCL2;FASLG;IFNAR2;ZNF780B;ZNF182;ZNF766;ZNF780A;ZNF630;SRSF1;ZNF275;ZNF623;ZNF419;PIK3R3;ZNF562;ZNF286A;SYK;ZNF577;ZNF841;ZNF619;ZNF200;ZNF610;ZNF746;ZNF268;ZNF736;ZNF701;ZNF430;ZNF347;ZNF454;BCL2L1;ZNF850;POU2F1;ZNF778;ZNF587;MAVS;AKT3;POU2F2;CASP9;AKT2;ZNF726;ZNF26;ZNF74;ZNF43;ZNF248;ZNF891;ZNF180;CCL5;ZNF585A;ZNF304;ZNF221;ZFP14;ZNF283;ZNF546;ZNF426;ZNF333;ZNF101;ZNF773;ZNF33B;ZNF418;ZNF677;ZNF584;ZFP1;ZNF431;ZNF530;ZNF561;ZNF383;PIK3CD;ZNF214;HLA-G;TNFSF14;DDX58;PML;ZNF264;BAD;TRAF6;PIK3R2;HLA-E;OAS3;ZNF175;ZNF212;PILRA;EIF2B2;ZNF624;ZNF251;ZNF689;ZNF519;ZNF597;ZNF791;ZNF714;ZNF699;ZNF324B,0.5489,0.8301
hsa05321_Inflammatory_bowel_disease_(IBD),12,65,1516,8019,IL4R;SMAD2;STAT6;STAT4;IL12RB2;NFATC1;IL17A;RORA;TLR4;TBX21;IL21R;IL23R,0.5784,0.8301
hsa05330_Allograft_rejection,7,38,1516,8019,FAS;CD40LG;FASLG;CD86;CD40;HLA-G;HLA-E,0.5881,0.8301
hsa05340_Primary_immunodeficiency,7,38,1516,8019,BTK;CD40LG;CIITA;TAP2;CD40;CD79A;TNFRSF13C,0.5881,0.8301
hsa04270_Vascular_smooth_muscle_contraction,24,132,1516,8019,ADORA2A;ADRA1A;CALCB;GUCY1B1;CALCA;ITPR1;PPP1R12B;PRKACB;CALCRL;GNA13;ROCK2;CALM3;CALM1;ITPR3;MAPK1;KCNMB1;PRKCE;RAMP3;KCNMB4;PLCB1;ADCY6;PLA2G3;ADCY2;PLA2G4F,0.6034,0.8377
hsa04742_Taste_transduction,15,83,1516,8019,CHRM3;GABRA2;GRM4;HTR1B;HTR1D;SCN2A;SCN3A;PDE1C;PRKACB;GNB3;ITPR3;P2RY1;GABBR2;ADCY6;TAS2R4,0.6063,0.8377
hsa04979_Cholesterol_metabolism,9,50,1516,8019,OSBPL5;NCEH1;STARD3;VAPB;SORT1;LIPG;ABCG8;ABCB11;MYLIP,0.6087,0.8377
hsa04744_Phototransduction,5,28,1516,8019,CNGB1;SLC24A1;CALM3;CALM1;GUCA1B,0.62,0.8491
"hsa00260_Glycine,_serine_and_threonine_metabolism",7,40,1516,8019,AMT;GLYCTK;GCAT;AOC3;SHMT1;AGXT2;CHDH,0.636,0.8625
hsa04216_Ferroptosis,7,40,1516,8019,CYBB;PCBP2;TFRC;SLC39A14;GCLM;SLC7A11;MAP1LC3A,0.636,0.8625
hsa04260_Cardiac_muscle_contraction,15,86,1516,8019,MYL3;TPM1;ATP1A2;CACNA2D2;RYR2;TPM3;SLC8A1;SLC8A3;TPM4;ASPH;UQCRB;CACNG2;UQCRQ;SLC8A2;CACNG8,0.6545,0.8748
hsa05130_Pathogenic_Escherichia_coli_infection,36,202,1516,8019,FAS;FASLG;RPS3;CYFIP1;CYFIP2;CDC42;WIPF3;LYN;ARHGEF25;PAK3;LPAR5;ARHGEF2;TUBAL3;CLDN11;NCK1;TNFSF10;CASP9;ARPC5;GNA13;WASF3;MAPK10;ROCK2;NAIP;LPAR1;ARF6;MAPK1;TLR4;TNFRSF10B;SLC9A3R1;TRAF6;MYO10;CLDN6;TUBB1;WIPF2;TAB3;TUBB2B,0.6539,0.8748
hsa05230_Central_carbon_metabolism_in_cancer,12,69,1516,8019,GCK;NTRK3;PIK3R3;AKT3;AKT2;EGFR;PDGFRA;PIK3CD;KRAS;MAPK1;PIK3R2;TIGAR,0.6515,0.8748
hsa00600_Sphingolipid_metabolism,8,47,1516,8019,GLB1;ACER2;ASAH1;NEU4;ACER3;B4GALT6;NEU3;CERK,0.6643,0.8794
hsa04973_Carbohydrate_digestion_and_absorption,8,47,1516,8019,ATP1A2;PIK3R3;SLC2A5;AKT3;AKT2;PIK3CD;PIK3R2;PLCB1,0.6643,0.8794
hsa00630_Glyoxylate_and_dicarboxylate_metabolism,5,30,1516,8019,ACAT1;AMT;GLUL;GLYCTK;SHMT1,0.6734,0.884
hsa03040_Spliceosome,26,149,1516,8019,NCBP2;HNRNPC;SRSF1;LSM5;RBMXL1;RBMX;SRSF10;PPIE;DHX8;SF3A3;HNRNPA3;PRPF38B;NCBP1;PRPF40A;SNRPB2;SNRPC;HNRNPU;DDX39B;SMNDC1;CHERP;RBMXL2;CDC40;LSM8;RBM25;PRPF38A;ZMAT2,0.6773,0.884
hsa05010_Alzheimer_disease,30,171,1516,8019,PSEN1;FAS;NOS1;GRIN2B;PPP3CA;APH1A;ITPR1;ADAM10;MAPT;APH1B;CAPN2;GSK3B;NDUFB5;UQCRB;BACE1;CASP9;RTN3;SDHD;RTN4;CALM3;CALM1;ITPR3;NDUFA4;MAPK1;CDK5R1;BAD;ATP5F1E;BACE2;UQCRQ;PLCB1,0.6753,0.884
hsa04512_ECM-receptor_interaction,15,88,1516,8019,COL4A3;CD44;ITGA11;SDC1;DMP1;GP6;DAG1;SV2B;COL4A6;SV2C;ITGA10;COL9A2;ITGB8;TNN;FREM2,0.6848,0.8855
hsa05160_Hepatitis_C,27,155,1516,8019,FAS;FASLG;IFNAR2;PPARA;PIK3R3;GSK3B;CLDN11;MAVS;AKT3;CASP9;AKT2;PSME3;IFIT1;PPP2R2B;PIAS1;EGFR;PIK3CD;KRAS;DDX58;MAPK1;BAD;TRAF6;PIK3R2;OAS3;YWHAQ;CLDN6;CCND1,0.6823,0.8855
hsa04657_IL-17_signaling_pathway,16,94,1516,8019,CSF2;SRSF1;GSK3B;DEFB4B;TNFAIP3;HSP90AB1;CEBPB;IL17RA;MAPK4;MAPK10;IL17A;MMP13;MAPK1;TRAF6;DEFB4A;TAB3,0.6898,0.8878
hsa03020_RNA_polymerase,5,31,1516,8019,POLR3H;POLR3E;POLR2D;POLR2K;POLR1A,0.6982,0.8893
hsa04146_Peroxisome,14,83,1516,8019,PEX2;SOD2;SCP2;ABCD3;PEX26;MPV17L;PEX19;PEX5L;PEX11A;SLC25A17;IDH2;PEX3;AGPS;FAR1,0.6948,0.8893
hsa04940_Type_I_diabetes_mellitus,7,43,1516,8019,FAS;FASLG;CD86;PTPRN2;HLA-G;CPE;HLA-E,0.7014,0.8893
hsa05145_Toxoplasmosis,19,112,1516,8019,CD40LG;CIITA;BCL2;BCL2L1;AKT3;CASP9;AKT2;CD40;GNAI1;PDPK1;MAPK10;MAP2K6;MAPK1;TLR4;BAD;TRAF6;GNAI3;GNAO1;BIRC7,0.7038,0.8893
hsa00480_Glutathione_metabolism,9,56,1516,8019,GSTM3;GSTM4;RRM2B;MGST2;MGST1;IDH2;GCLM;GGT7;TXNDC12,0.7247,0.9028
hsa00620_Pyruvate_metabolism,6,39,1516,8019,ACAT1;PKLR;ALDH2;HAGH;ME2;DLAT,0.7413,0.9028
hsa01212_Fatty_acid_metabolism,9,57,1516,8019,ACAT1;PPT1;SCP2;ELOVL6;ELOVL5;ACADL;SCD;FADS1;MCAT,0.7416,0.9028
hsa03022_Basal_transcription_factors,7,45,1516,8019,TBP;TBPL1;TAF1;TAF4;TAF10;TAF5;TAF8,0.7405,0.9028
hsa03050_Proteasome,7,45,1516,8019,PSMA4;PSMA5;PSMB2;PSME3;PSMD12;PSMF1;PSMC1,0.7405,0.9028
hsa03410_Base_excision_repair,5,33,1516,8019,SMUG1;NEIL1;OGG1;POLD3;PARP1,0.7437,0.9028
hsa04650_Natural_killer_cell_mediated_cytotoxicity,22,131,1516,8019,FAS;FASLG;CD247;CSF2;IFNAR2;PPP3CA;PIK3R3;KLRD1;SHC1;VAV2;SYK;TNFSF10;NFATC1;PIK3CD;HLA-G;KRAS;PLCG1;MAPK1;TNFRSF10B;PIK3R2;HLA-E;SHC2,0.7279,0.9028
hsa04913_Ovarian_steroidogenesis,8,51,1516,8019,FSHR;INSR;IGF1;IGF1R;PRKACB;ADCY6;ADCY2;PLA2G4F,0.7407,0.9028
hsa04972_Pancreatic_secretion,17,102,1516,8019,CA2;ATP1A2;CHRM3;ATP2B2;ATP2B3;ATP2B4;RYR2;SLC12A2;ITPR1;RAB11A;RAB27B;CD38;ITPR3;PLCB1;ADCY6;PLA2G3;ADCY2,0.7212,0.9028
hsa05169_Epstein-Barr_virus_infection,34,201,1516,8019,FAS;BTK;TAP2;CD44;BCL2;CD247;IFNAR2;ENTPD1;LYN;PIK3R3;SYK;BCL2L11;MAVS;AKT3;CASP9;AKT2;SKP2;CD40;TNFAIP3;PSMD12;MAPK10;PSMC1;MAP2K6;POLK;PIK3CD;HLA-G;DDX58;TRAF6;PIK3R2;HLA-E;OAS3;GADD45B;CCND1;CCNE2,0.7495,0.9059
hsa04061_Viral_protein_interaction_with_cytokine_and_cytokine_receptor,16,100,1516,8019,IL2RA;CXCR1;CSF1;CX3CR1;TNFSF10;IL6ST;CCL5;CCL4L2;CCR1;CX3CL1;CCL26;TNFSF14;CXCL9;TNFRSF10B;ACKR3;CCL14,0.7679,0.9209
hsa04145_Phagosome,25,152,1516,8019,MPO;CYBB;TAP2;NOS1;LAMP2;TFRC;ATP6V0A1;CD209;TUBAL3;OLR1;M6PR;RAB5B;DYNC1LI2;STX7;HLA-G;TLR4;ATP6V0D1;HLA-E;MARCO;SEC61A1;CLEC7A;TUBB1;COLEC12;STX12;TUBB2B,0.7685,0.9209
hsa05219_Bladder_cancer,6,41,1516,8019,DAPK1;EGFR;DAPK2;KRAS;MAPK1;CCND1,0.7789,0.9254
hsa05332_Graft-versus-host_disease,6,41,1516,8019,FAS;FASLG;KLRD1;CD86;HLA-G;HLA-E,0.7789,0.9254
hsa04976_Bile_secretion,11,72,1516,8019,CA2;SLC10A2;ATP1A2;NCEH1;PRKACB;AQP1;ABCG8;ABCB11;ADCY6;ADCY2;SLCO1A2,0.7869,0.9269
hsa05020_Prion_diseases,5,35,1516,8019,NCAM1;PRKACB;CCL5;C1QA;MAPK1,0.784,0.9269
hsa00010_Glycolysis__Gluconeogenesis,10,68,1516,8019,GCK;GPI;PKLR;ADH1B;ALDH2;ALDH3B2;MINPP1;DLAT;ENO2;ALDOC,0.8134,0.9383
hsa01100_Metabolic_pathways,265,1489,1516,8019,ACAT1;ARSB;ASS1;CA2;DPYD;EXT1;FECH;FUT1;GCK;GPI;IDS;MTR;OCRL;PAH;PKLR;PLOD1;PPT1;GLB1;MAT1A;AMT;FUT2;GALNS;HEXA;NOS1;ADH1B;ALDH2;DCK;GGCX;GSTM3;GSTM4;GUCY1B1;NQO1;PDE4C;MGLL;SCP2;PRDM2;ACER2;PNLIPRP3;DCTD;HYKK;ALG10B;PFKFB2;HNMT;ALDH3B2;KYNU;GLUL;AGPAT3;B3GALNT1;PRPS2;ALG13;ETNK1;HAGH;NSD2;TPK1;PIGY;DGKG;EARS2;NADK2;ACLY;ENTPD1;HMGCS1;INPP4B;PDE4D;URAD;MGAT1;ASAH1;ATP6V0A1;PDE10A;AHCYL2;ELOVL6;PLCH1;INPP4A;PRDM6;ST6GAL2;SIRT1;ITPK1;HSD3B7;IMPA1;GLYCTK;AK9;LRTOMT;CANT1;MGAT4A;SYNJ1;ALDH4A1;PYGL;PLCE1;FHIT;NEU4;GALNT16;GCAT;NUDT16;RRM2B;MINPP1;PAFAH1B2;COQ7;SLC33A1;PDE1C;ALDH8A1;PRXL2B;KMT2A;AK2;ST20-MTHFS;PGM3;NDUFB5;UQCRB;MGST2;DGKH;DNMT3B;CA12;GDA;ELOVL5;INPP5F;POMGNT1;GFPT1;GPAM;CHIT1;ACOD1;MGST1;LPIN1;ST3GAL3;B4GALNT1;SDHD;AOC3;GANAB;B3GALT5;BTD;SHMT1;PYCR1;H6PD;NME4;HDDC3;CBR1;P4HA3;MAN1C1;IDH2;PTDSS1;DERA;KMT5B;ACER3;NDST1;PPCDC;LPIN3;COLGALT2;ALG14;ADI1;AGXT2;SETD7;UPRT;ST8SIA5;LIPG;GCLM;NME6;AK8;GLUD1;RDH16;FTCD;CARNMT1;DNMT3A;EZH1;DGKI;CA8;GLCE;PANK2;NTPCR;PYCR3;GALNT5;PIP4K2A;NDST2;B4GALT6;PIK3CD;MGAT4C;GGT7;DHODH;LARGE1;GPAT4;AGK;NSD1;ASH1L;NEU3;B3GAT1;AGPAT1;MGAT5;DLAT;LPIN2;PIK3C2B;DPM2;B4GALT1;GALNT1;ACADL;CD38;ENO2;FUT4;LBR;MGAT2;NDUFA4;PIGA;PLCG1;ST3GAL1;KMT2D;PIP4K2B;AGPS;HYAL2;CDS2;BDH1;TPH1;PIGL;FUT7;MTMR7;ATP6V0D1;GCNT3;B4GALT5;CHST10;GUCY2C;SCD;ALDOC;GNPDA1;AASS;MAN1A1;MTHFD2;MAN1A2;ATP5F1E;CA5B;DGAT1;PIGN;MAT2B;GMPPB;FADS1;UQCRQ;MCAT;NMNAT2;TRAK2;PLCB1;ADCY6;PLA2G3;TXNDC12;MAN1B1;SEPSECS;NSD3;PNPO;CHDH;KMT2E;PDE7B;AGPAT4;C1GALT1;PDXP;TIGAR;ADCY2;MTMR3;XYLT1;XYLT2;IPPK;COLGALT1;ADO;ALG10;HYAL1;PLCD3;CMBL;LTC4S;PGM2L1;RIMKLA;NAT8L;STT3B;GNPNAT1;PLA2G4F,0.8077,0.9383
hsa04620_Toll-like_receptor_signaling_pathway,16,104,1516,8019,IFNAR2;PIK3R3;AKT3;CD86;AKT2;CD40;CCL5;CCL4L2;MAPK10;MAP2K6;PIK3CD;CXCL9;MAPK1;TLR4;TRAF6;PIK3R2,0.8119,0.9383
hsa05152_Tuberculosis,29,180,1516,8019,CIITA;BCL2;PPP3CA;CREBBP;LAMP2;ATP6V0A1;SYK;CD209;CAMK2G;CASP10;AKT3;CAMK2B;CAMK2D;CASP9;AKT2;RAB5B;CEBPB;MAPK10;CREB1;CALM3;CALM1;CAMK2A;MAPK1;TLR4;BAD;TRAF6;ATP6V0D1;NFYB;CLEC7A,0.8116,0.9383
hsa05206_MicroRNAs_in_cancer,52,310,1516,8019,TIMP3;TPM1;CD44;BCL2;BMF;FOXP1;HDAC5;TRIM71;CREBBP;PIK3R3;TP63;SHC1;SIRT1;STMN1;IGF2BP1;ZEB2;MCL1;BCL2L2;COMMD3-BMI1;BCL2L11;MDM4;DNMT3B;RDX;CDC25B;HMGA2;DNMT3A;EGFR;PDGFRA;PIK3CD;APC2;KRAS;HDAC4;CDC25A;EFNA5;PDGFB;PLCG1;MAPK1;SLC7A1;ABCC1;PIK3R2;BMI1;CRK;CRKL;PRKCE;IRS1;BRCA1;TNN;WNT3;SLC45A3;CCND1;CCNE2;CDCA5,0.8035,0.9383
hsa00330_Arginine_and_proline_metabolism,7,50,1516,8019,NOS1;ALDH2;ALDH4A1;PYCR1;P4HA3;PYCR3;L3HYPDH,0.8218,0.9388
hsa05110_Vibrio_cholerae_infection,7,50,1516,8019,SLC12A2;ATP6V0A1;TJP2;PRKACB;PLCG1;ATP6V0D1;SEC61A1,0.8218,0.9388
hsa05164_Influenza_A,27,170,1516,8019,FAS;CIITA;FASLG;IFNAR2;ADAR;CREBBP;TMPRSS4;PIK3R3;TMPRSS2;TNFSF10;MAVS;AKT3;RAB11A;CASP9;AKT2;CCL5;DNAJB1;PIK3CD;DDX58;PML;MAPK1;TLR4;TNFRSF10B;PIK3R2;TRIM25;OAS3;KPNA6,0.824,0.9388
hsa04978_Mineral_absorption,8,58,1516,8019,ATP1A2;ATP2B2;ATP2B3;ATP2B4;SLC8A1;SLC8A3;TRPM6;SLC8A2,0.8434,0.957
hsa04610_Complement_and_coagulation_cascades,12,85,1516,8019,F9;SERPINA1;THBD;FGA;CD59;SERPINA5;PLAT;SERPINF2;MASP1;FGB;CFD;C1QA,0.863,0.9713
hsa05320_Autoimmune_thyroid_disease,7,53,1516,8019,FAS;CD40LG;FASLG;CD86;CD40;HLA-G;HLA-E,0.8601,0.9713
hsa03460_Fanconi_anemia_pathway,7,54,1516,8019,FANCC;POLH;TOP3A;POLK;RPA1;BRCA1;FAAP100,0.8713,0.9767
hsa05034_Alcoholism,28,184,1516,8019,ADORA2A;GRIN2B;NTRK2;H3-5;HDAC5;SHC1;HDAC8;HDAC9;PRKACB;GNG2;CREB3L2;GNAI1;CAMKK2;GNB3;CREB1;CAMK4;CALM3;CALM1;KRAS;HDAC4;MAPK1;H3-3B;GNAI3;H2AZ2;SHC2;GNAO1;GNB4;H2AJ,0.878,0.9803
hsa00380_Tryptophan_metabolism,5,42,1516,8019,ACAT1;ALDH2;KYNU;ALDH8A1;TPH1,0.887,0.9831
hsa03320_PPAR_signaling_pathway,10,76,1516,8019,PPARA;SCP2;SORBS1;HMGCS1;OLR1;ADIPOQ;PDPK1;RXRB;ACADL;SCD,0.8942,0.9831
hsa04622_RIG-I-like_receptor_signaling_pathway,9,70,1516,8019,CYLD;SIKE1;DDX3X;MAVS;CASP10;MAPK10;DDX58;TRAF6;TRIM25,0.8982,0.9831
hsa04623_Cytosolic_DNA-sensing_pathway,8,63,1516,8019,POLR3H;ADAR;MAVS;POLR3E;CCL5;CCL4L2;DDX58;POLR2K,0.8947,0.9831
hsa05133_Pertussis,10,76,1516,8019,GNAI1;MAPK10;CALM3;C1QA;NOD1;CALM1;MAPK1;TLR4;TRAF6;GNAI3,0.8942,0.9831
hsa00970_Aminoacyl-tRNA_biosynthesis,8,66,1516,8019,EARS2;HARS2;SARS1;WARS2;WARS1;NARS1;SEPSECS;AARS2,0.918,0.9892
hsa01200_Carbon_metabolism,16,117,1516,8019,ACAT1;GCK;GPI;PKLR;AMT;PRPS2;GLYCTK;ME2;SDHD;SHMT1;H6PD;IDH2;GLUD1;DLAT;ENO2;ALDOC,0.9128,0.9892
hsa04612_Antigen_processing_and_presentation,10,78,1516,8019,CIITA;TAP2;KLRD1;PSME3;HSP90AB1;CTSB;CREB1;HLA-G;HLA-E;NFYB,0.9091,0.9892
hsa05016_Huntington_disease,40,264,1516,8019,SOD2;GRIA1;GRIA3;GRIN2B;WIPI2;CREBBP;ITPR1;DLG4;ULK2;TUBAL3;TBP;REST;SLC1A2;DCTN5;NDUFB5;UQCRB;DNAL1;CASP9;HIP1;SP1;TBPL1;CREB3L2;DCTN2;SDHD;MAPK10;CREB1;PPARGC1A;KCNJ10;NDUFA4;TAF4;KIF5C;POLR2D;POLR2K;ATP5F1E;UQCRQ;ATG14;RCOR1;PLCB1;TUBB1;TUBB2B,0.9172,0.9892
hsa04918_Thyroid_hormone_synthesis,9,74,1516,8019,ATP1A2;ITPR1;PRKACB;CREB3L2;CREB1;ITPR3;PLCB1;ADCY6;ADCY2,0.9263,0.9943
hsa03420_Nucleotide_excision_repair,5,47,1516,8019,ERCC6;CUL4B;RPA1;POLD3;RBX1,0.9317,0.9955
hsa05146_Amoebiasis,13,102,1516,8019,COL3A1;COL4A3;CSF2;PIK3R3;PTK2;PRKACB;RAB5B;COL4A6;ACTN4;PIK3CD;TLR4;PIK3R2;PLCB1,0.9346,0.9955
hsa00190_Oxidative_phosphorylation,8,133,1516,8019,ATP6V0A1;NDUFB5;UQCRB;SDHD;NDUFA4;ATP6V0D1;ATP5F1E;UQCRQ,0.9999,1.0
hsa00590_Arachidonic_acid_metabolism,5,63,1516,8019,PRXL2B;CBR1;PLA2G3;LTC4S;PLA2G4F,0.9885,1.0
hsa00980_Metabolism_of_xenobiotics_by_cytochrome_P450,8,76,1516,8019,ADH1B;GSTM3;GSTM4;ALDH3B2;MGST2;MGST1;CBR1;AKR1C1,0.9666,1.0
hsa00982_Drug_metabolism,6,72,1516,8019,ADH1B;GSTM3;GSTM4;ALDH3B2;MGST2;MGST1,0.9895,1.0
hsa00983_Drug_metabolism,9,79,1516,8019,DPYD;MPO;GSTM3;GSTM4;RRM2B;MGST2;MGST1;NME4;NME6,0.9518,1.0
hsa03008_Ribosome_biogenesis_in_eukaryotes,10,105,1516,8019,TCOF1;DROSHA;NAT10;POP1;RBM28;RAN;CSNK2A1;RRP7A;SBDS;RPP25L,0.9915,1.0
hsa03010_Ribosome,15,153,1516,8019,RPL11;RPL23A;RPL28;RPS3;RPS6;RPS29;UBA52;RPL14;RPL36A-HNRNPH2;MRPS18C;MRPL35;RPS27L;MRPS17;MRPL23;MRPL10,0.9969,1.0
hsa04640_Hematopoietic_cell_lineage,11,99,1516,8019,IL2RA;IL4R;IL5RA;CD44;CD59;CSF1;CSF2;KITLG;CD34;TFRC;CD38,0.9714,1.0
hsa04672_Intestinal_immune_network_for_IgA_production,5,49,1516,8019,CD40LG;CD86;CD40;ICOSLG;TNFRSF13C,0.9446,1.0
hsa04714_Thermogenesis,29,231,1516,8019,MGLL;RPS6KA2;RPS6;NDUFAF5;SMARCD2;SMARCC2;CNR1;NDUFB5;UQCRB;PRKAG1;PRKACB;CREB3L2;RPS6KB1;SDHD;DPF3;CREB1;PPARGC1A;PRKAA1;KRAS;BMP8B;NDUFA4;SMARCD1;PRKAB2;PRKAA2;ATP5F1E;UQCRQ;ADCY6;ADCY2;COA7,0.9874,1.0
hsa04740_Olfactory_transduction,39,448,1516,8019,OR2A42;OR52N1;OR56A1;OR5A2;OR10A3;OR4S2;OR10K1;OR10Z1;OR2M3;OR51A7;OR56A4;OR7D4;OR51G2;OR2A1;OR5H1;OR2T6;OR6C75;OR4K2;OR11G2;SLC8A1;SLC8A3;CNGB1;PDE1C;CAMK2G;CAMK2B;CAMK2D;PRKACB;CALM3;CALM1;CAMK2A;OR3A3;OR1A1;OR7D2;OR2A5;OR2F1;SLC8A2;OR2M4;OR7A17;OR14J1,1.0,1.0
hsa05012_Parkinson_disease,15,142,1516,8019,ADORA2A;NDUFB5;UQCRB;UBE2G2;CASP9;PRKACB;GNAI1;SDHD;HTRA2;NDUFA4;UBE2G1;PRKN;GNAI3;ATP5F1E;UQCRQ,0.9918,1.0
hsa05144_Malaria,5,50,1516,8019,CD40LG;PECAM1;SDC1;CD40;TLR4,0.9502,1.0
hsa05150_Staphylococcus_aureus_infection,10,96,1516,8019,KRT9;PTAFR;MASP1;DEFB4B;CFD;C1QA;DSG1;KRT13;KRT35;DEFB4A,0.9801,1.0
hsa05204_Chemical_carcinogenesis,7,82,1516,8019,ADH1B;GSTM3;GSTM4;ALDH3B2;MGST2;MGST1;CBR1,0.9916,1.0
hsa05322_Systemic_lupus_erythematosus,11,133,1516,8019,CD40LG;GRIN2B;H3-5;RO60;CD86;CD40;ACTN4;C1QA;H3-3B;H2AZ2;H2AJ,0.9989,1.0
hsa05323_Rheumatoid_arthritis,9,93,1516,8019,CSF1;CSF2;ATP6V0A1;CD86;CCL5;IL17A;TLR4;TNFSF11;ATP6V0D1,0.9868,1.0
